id,published_at,title,body,url,source,categories
https://bitcoinmagazine.com/?p=54738,2026-09-10T17:05:28+00:00,Nasdaq Invests $100M in Kraken Parent Company: Report,"Bitcoin Magazine Nasdaq Invests $100M in Kraken Parent Company: Report Nasdaq Inc. is investing $100 million in crypto exchange Kraken’s parent company, Payward, according to reports. The deal — not yet announced by either party — will help build out structure for tokenized stocks, Bloomberg reported Thursday, citing people familiar with the matter. The deal values the crypto company at $21 billion, according to the report. It comes as Wall Street increasingly eyes up bitcoin and crypto-related infrastructure. Kraken has made deals this year and last with traditional finance firms and the S&P Dow Jones Indices in March made a deal to debut a new derivative contract on decentralized exchange Hyperliquid. Bloomberg’s report said that Kraken will distribute Nasdaq’s tokenized stocks on its own platform, giving customers the ability to own Nasdaq-listed stocks in a tokenized form. Wall Street has been eying up crypto companies and their infrastructure particularly because its interested in tokenizing assets like stocks. In January, the New York Stock Exchange said it was building a platform allowing traders to buy and sell tokenized versions of US-listed equities and exchange-traded funds and settle those trades on the blockchain, 24/7. Just last week, Payward, the parent company of crypto exchange Kraken, and fintech company SoFi Technologies announced a deal to route SoFi customers’ crypto orders through Kraken’s institutional trading platform and list SoFi’s stablecoin on the exchange. Under the agreement, SoFi will send its digital asset order flow to Kraken Prime, Kraken’s prime brokerage arm, which launched in 2025. Kraken — like other crypto exchanges — is pushing into the traditional finance world, allowing users to trade stocks, bonds and other assets. The company has sold its app as a “primary account for everything.” This post Nasdaq Invests $100M in Kraken Parent Company: Report first appeared on Bitcoin Magazine and is written by Mathew Di Salvo .",https://bitcoinmagazine.com/news/nasdaq-invests-in-kraken,BitcoinMagazine,"NEWS, Kraken, Nasdaq, tokenization"
https://bitcoinmagazine.com/?p=54741,2026-09-10T20:23:59+00:00,Updated Crypto Clarity Act Starts Circulating Days Before Key Vote,"Bitcoin Magazine Updated Crypto Clarity Act Starts Circulating Days Before Key Vote A new draft of the long-awaited crypto Clarity Act has dropped with amendments. As first reported by Eleanor Terrett from Crypto in America and Punchbowl’s Brendan Pedersen , the updated bill contains changes including requiring non-decentralized DeFi protocols to register with the CFTC, and changes around how credit unions deal in crypto, according to reporters. The specifics include that a decentralized finance app fails the test of being such a protocol test if someone can control or materially alter its functionality, if it doesn’t run solely on pre-established transparent encoded rules, or if someone can restrict or censor its use. It also adds that a federal credit union may use a digital asset or distributed ledger system to perform, provide, or deliver any activity, function, product, or service it is otherwise authorized by law to perform. JUST IN: An updated version of the Clarity Act has released ahead of next week's floor vote ""Latest changes include new DeFi requirements and credit union fix"" — Punchbowl News Pass it pic.twitter.com/uYntehREqI — Bitcoin Magazine (@BitcoinMagazine) September 10, 2026 Lawmakers were hoping a crucial vote on the crypto market structure bill would go ahead in August before their five-week recess. It was delayed and the Senate will now vote on it on September 15. The bill is not bipartisan yet, according to the reporters. Senate Republicans started circulating the updated legislation on Thursday. The Clarity Act drafts a framework to formally divide oversight between regulators, distinguishing which digital assets are securities, commodities or stablecoins. Crypto industry executives have long called for such rules to be in place. Though passed by the House of Representatives last July, it has been stalled this year, mostly because the banking lobby clashed with crypto companies over paying customers stablecoin yield. A new draft tackling the issue of ethics started circulating in July, banning government officials from promoting or making money from crypto — something Democrats have criticized the Trump family for doing. Despite the changes, a group of Democrats said the bill fell short and demanded amendments to the bill. Pro-crypto lawmakers have blasted Democratic politicians who they think are deliberately holding back the bill. President Donald Trump has urged lawmakers to get the legislation over the line. In August, he said that in order for the U.S. to remain the “undisputed leader in Bitcoin and crypto,” they had to pass the “very, very powerful legislation.” This post Updated Crypto Clarity Act Starts Circulating Days Before Key Vote first appeared on Bitcoin Magazine and is written by Mathew Di Salvo .",https://bitcoinmagazine.com/news/updated-clarity-act-starts-circulating,BitcoinMagazine,"NEWS, CLARITY Act, defi, Trump, Washington"
https://bitcoinmagazine.com/?p=54749,2026-09-10T21:28:55+00:00,Trezor Reveals Another Data Breach After Scammers Target Marketing Platform,"Bitcoin Magazine Trezor Reveals Another Data Breach After Scammers Target Marketing Platform Trezor has warned that a data breach at the third-party marketing platform it uses for sending newsletters is leading criminals to target customers with phishing attacks. The top hardware wallet manufacturer said Wednesday that an unauthorized actor got access to Brevo’s system and sent emails to 347,000 Trezor customers. Brevo is a platform businesses use to send customer communications. Scammers managed to use Trezor’s domain name to send the email, making the phishing attempt all the more believable. The email contained a malicious link asking users to download an app and enter their wallet backup. Our third-party e-mail provider has been breached. Please be aware that the email named ‘Critical Security Alert: STM32 Entropy Vulnerability’ is not coming from us, and it’s a phishing attempt. Do not click on any link. We have taken down the domain, and we are investigating… — Trezor (@Trezor) September 9, 2026 The news comes after Trezor last month announced that data from 11,742 customers had been exposed after its third-party fulfillment partner, ShipMonk, was targeted. It then said last week that an additional 67,000 U.S. customers had their names, emails, phone numbers, shipping addresses and order numbers leaked in the breach. “We took down the domain at the DNS level within 20 minutes, preventing the link from working for anyone else and limiting access to 2,500 people who had clicked it before we took it down,” Trezor said on Wednesday. “These addresses might be potentially used for other phishing attacks in the future. No other Trezor system was touched,” Trezor added. “We have suspended the Brevo account to stop further email distribution.” Trezor reminded users that it never asks customers to ask for their wallet backups. Criminals have been targeting data this year, with scammers getting hold of customer information via crypto wallet Ledger’s payment processor Global-e to send phishing emails. Crypto wallet provider SafePal last month also announced a data breach that involved ​unauthorized access to about 39,798 customers’ order information, ‌including personal details such as names, addresses and purchase data. This post Trezor Reveals Another Data Breach After Scammers Target Marketing Platform first appeared on Bitcoin Magazine and is written by Mathew Di Salvo .",https://bitcoinmagazine.com/news/trezor-reveals-another-data-breach,BitcoinMagazine,"NEWS, Bitcoin, data breach, hack, Trezor"
https://bitcoinmagazine.com/?p=54757,2026-09-10T22:24:40+00:00,Ringleader of $245M Crypto Theft Pleads Guilty,"Bitcoin Magazine Ringleader of $245M Crypto Theft Pleads Guilty The man behind one of the biggest bitcoin thefts in history this week pleaded guilty. Malone Lam, 22, a Miami resident from Singapore, on Tuesday admitted his role as ringleader of the international crime group which stole 4,100 bitcoins — worth over $230 million at the time — to fund a life of luxury. The U.S. Department of Justice said that from October 2023 and through at least May 2025, Lam and others hacked databases to steal crypto users’ information and con them into providing user logins and private keys. Bitcoin and other cryptocurrencies worth $245 million were taken in the theft. On one occasion, a co-defendant broke into a residence in New Mexico and stole a hardware wallet while Lam monitored the victim’s movements by hacking their iCloud account. “This defendant led an international network that preyed on victims through deception, invaded their privacy, and stole hundreds of millions of dollars in cryptocurrency,” U.S. Attorney Jeanine Ferris Pirro said in a statement. “If you build a cybercrime empire, we will find you, dismantle your operation, and hold you accountable,” Attorney Pirro added. The DOJ said: “The Racketeer Influenced and Corrupt Organizations Act conspiracy used social engineering and occasional home break-ins to obtain information that allowed the conspirators to drain their victims’ cryptocurrency wallets.” The crimes started after a group of online gamers became friends before working together to commit the cybercrimes, the indictment read. Lam and co-defendants laundered the stolen bitcoin and spent it on bottle service parties, private jet rentals, security guards, luxury handbags and watches, and properties in Los Angeles, the Hamptons, and Miami. The defendants would spend up to $500,000 a night on parties and give away designer handbags worth tens of thousands of dollars, Tuesday’s announcement read. Lam was arrested in 2024 at his rental home in Miami. This post Ringleader of $245M Crypto Theft Pleads Guilty first appeared on Bitcoin Magazine and is written by Mathew Di Salvo .",https://bitcoinmagazine.com/news/ringleader-in-bitcoin-theft-guilty,BitcoinMagazine,"NEWS, Bitcoin, Crime, Malone Lam, Theft"
https://cointelegraph.com/markets/bitcoin-buyers-wary-of-july-sub-58k-floor-amid-onchain-data-anomaly,2026-09-11T10:53:55+00:00,Bitcoin buyers wary of July sub-$58K floor amid onchain data ‘anomaly’,"Bitcoin HODL waves data revealed an unusually muted reaction to Bitcoin’s drop below $58,000, raising questions over its status as a bear-market floor.",https://cointelegraph.com/markets/bitcoin-buyers-wary-of-july-sub-58k-floor-amid-onchain-data-anomaly?utm_source=rss_feed&utm_medium=rss&utm_campaign=rss_partner_inbound,Cointelegraph,Markets
https://cointelegraph.com/markets/bitcoin-etfs-282m-biggest-outflow-july,2026-09-11T12:33:38+00:00,Bitcoin ETF outflows accelerate as investors pull $449M in three days,"ARK 21Shares accounted for $164 million of Thursday’s Bitcoin ETF withdrawals, while Ether and Solana funds also recorded net outflows.",https://cointelegraph.com/markets/bitcoin-etfs-282m-biggest-outflow-july?utm_source=rss_feed&utm_medium=rss&utm_campaign=rss_partner_inbound,Cointelegraph,Markets
https://cointelegraph.com/news/metaplanet-executive-stock-pool-hong-kong-subsidiary,2026-09-11T13:44:27+00:00,"Metaplanet cuts Series 10 stock pool by 41%, plans Hong Kong subsidiary","Metaplanet will cut 131.3 million potential shares and form a $1 million Hong Kong subsidiary for trading in Bitcoin, equities and credit products.",https://cointelegraph.com/news/metaplanet-executive-stock-pool-hong-kong-subsidiary?utm_source=rss_feed&utm_medium=rss&utm_campaign=rss_partner_inbound,Cointelegraph,Latest News
https://bitcoinmagazine.com/?p=54760,2026-09-11T15:46:05+00:00,"Bitcoin Price Spikes, Shrugs off Hot US Inflation Data","Bitcoin Magazine Bitcoin Price Spikes, Shrugs off Hot US Inflation Data Bitcoin’s price rose on Friday — despite data revealing that U.S. inflation had risen. The biggest cryptocurrency by market cap was recently trading for close to $78,749 after jumping 2% over a 24-hour period. At one point on Friday morning in New York, bitcoin rose as high as $79,607. Bitcoin’s price spike came after news dropped that U.S. consumer prices accelerated in August, reinforcing ​expectations that the Federal Reserve will raise interest rates next week. The consumer price index, excluding food and energy, climbed 0.3% in August from a month earlier, which was higher than expected. Inflation in the U.S. has been difficult to tame due to the war with Iran, which has lifted oil prices, in turn raising the costs of food, gasoline and other goods. Higher inflation typically means the Federal Reserve will raise interest rates, which in turn could stop bitcoin’s price climbing higher. According to CME’s FedWatch tool, traders think there is a 85% chance interest rates will be higher by next week. The Federal Reserve will meet next week and reveal what it will do with borrowing costs. Bitcoin has typically performed well in a low interest rate environment because it means people can buy more of the cryptocurrency with increased liquidity. Federal Reserve Chairman Kevin Warsh, who took the helm in January, last month gave his first speech as head of the U.S. central bank and said he had “more work to do” to fight inflation. The U.S. is currently in the grips of an affordability crisis and rising oil prices are a hot topic ahead of the midterm elections. U.S. President Donald Trump has reassured voters that prices will get under control and repeatedly put pressure on the central bank to lower interest rates. Bitcoin in August had its biggest run in years following positive regulatory news and an announcement from the U.S. Treasury. Treasury Secretary Scott Bessent announced the department would double the size of its long-dated bond buybacks, helping non-yielding assets like bitcoin and gold. The cryptocurrency then benefited from President Trump urging lawmakers to get key crypto legislation, the Clarity Act, over the line. This post Bitcoin Price Spikes, Shrugs off Hot US Inflation Data first appeared on Bitcoin Magazine and is written by Mathew Di Salvo .",https://bitcoinmagazine.com/markets/bitcoin-price-spikes-on-hot-inflation-data,BitcoinMagazine,"MARKETS, Bitcoin, bitcoin price, Federal reserve, inflation"
https://cointelegraph.com/markets/bitcoin-spikes-toward-80k-as-us-cpi-data-delivers-new-22-year-high-in-bond-yields,2026-09-11T16:03:37+00:00,Bitcoin spikes toward $80K as US CPI data delivers new 22-year high in bond yields,"Bitcoin briefly rebounded past $79,000 and US stocks turned green as US CPI inflation data met expectations.",https://cointelegraph.com/markets/bitcoin-spikes-toward-80k-as-us-cpi-data-delivers-new-22-year-high-in-bond-yields?utm_source=rss_feed&utm_medium=rss&utm_campaign=rss_partner_inbound,Cointelegraph,Markets
https://bitcoinmagazine.com/?p=54765,2026-09-11T17:28:32+00:00,Government Defeated as Lords Back UK Digital Assets Strategy,"Bitcoin Magazine Government Defeated as Lords Back UK Digital Assets Strategy The UK government suffered a defeat in the House of Lords on Wednesday as peers backed an amendment requiring the Treasury to draw up a national strategy for regulating digital assets. The upper chamber approved the measure by 194 votes to 138, with Conservative and Liberal Democrat peers combining against a near-solid bloc of Labour votes. Baroness Neville-Rolfe, a Conservative former Treasury minister, moved the amendment to the Financial Services and Markets Bill. The new clause, titled “Digital assets strategy,” would require the Treasury to prepare, publish and consult on a strategy for regulating and developing digital assets and related digital financial market infrastructure in the UK. JUST IN: U.K. House of Lords passes amendment requiring the government to develop a national cryptocurrency strategy pic.twitter.com/77tsy5cRaO — Bitcoin Magazine (@BitcoinMagazine) September 11, 2026 The regulation of digital assets includes “cryptoassets, qualifying stablecoins, Central Bank Digital Currencies, tokenised securities and other digital and tokenised financial assets,” according to the draft. The UK is in the process of drafting a sweeping new crypto bill. The country’s Financial Conduct Authority finalised its regulatory framework for cryptoassets in June, with the regime due to take effect on 25 October 2027. The authorisation gateway for firms opened on 30 September and runs to 28 February 2027. Britain is trailing behind Brussels and Washington with digital asset regulation. The EU’s Markets in Crypto-Assets regulation has applied to service providers since 30 December 2024. And the U.S. under President Donald Trump signed the GENIUS Act into law in July 2025, establishing a federal framework for dollar-backed tokens. Broader market-structure legislation remains unfinished: the Clarity Act cleared the House in July 2025 by 294-134 but has been stuck in the Senate over DeFi, stablecoin yield and ethics provisions, with a procedural vote set for next week. This post Government Defeated as Lords Back UK Digital Assets Strategy first appeared on Bitcoin Magazine and is written by Mathew Di Salvo .",https://bitcoinmagazine.com/news/house-of-lords-backs-uk-crypto-bill,BitcoinMagazine,"NEWS, crypto regulation, Digital assets, house of lords, UK"
https://bitcoinmagazine.com/?p=54785,2026-09-11T18:47:07+00:00,Italy’s Second Biggest Bank UniCredit Is Weighting up Crypto Custody: Report,"Bitcoin Magazine Italy’s Second Biggest Bank UniCredit Is Weighting up Crypto Custody: Report Italy’s second largest bank is considering expanding into digital asset offerings, including custody, according to reports. According to a Friday Bloomberg report citing people familiar with the matter, Milan-based UniCredit is selecting a technology provider that would allow it to build the infrastructure needed to hold digital assets and facilitate their buying and selling. Bloomberg’s reporting added that tokenized investment products and fixed-income securities, the use of stablecoins and exposure to cryptocurrencies were all on the cards. JUST IN: Italy’s 2nd-largest bank UniCredit is considering to offer crypto asset custody — Bloomberg pic.twitter.com/NAZKJBdcES — Bitcoin Magazine (@BitcoinMagazine) September 11, 2026 The news comes as other banks in Europe expand crypto offerings. Spain moved first on retail, with BBVA rolling out bitcoin trading and custody to all customers via its app, using its own custody infrastructure rather than a third party; Santander’s Openbank followed with its own trading service. Cecabank — a Spanish custodian with over €400bn under management that acts as backbone for 100+ financial institutions — went live with crypto custody in June via a partnership with Bit2Me. And in Germany, Deutsche Bank is building custody with Bitpanda’s technology arm, while Taurus and DZ Bank got BaFin approval in January for its meinKrypto platform. New regulation in the European Union — Markets in Crypto-Assets Regulation (MiCA) — gives banks a legal definition, a supervisor, and a familiar set of obligations to launch crypto services. UniCredit is one 37 lenders across 15 European countries working together to create a company called Qivalis with the aim of issuing a euro-denominated stablecoin. Last year, the bank said it was offering professional clients a structured product tied to BlackRock’s iShares Bitcoin Trust exchange-traded fund, with full protection against losses. This post Italy’s Second Biggest Bank UniCredit Is Weighting up Crypto Custody: Report first appeared on Bitcoin Magazine and is written by Mathew Di Salvo .",https://bitcoinmagazine.com/news/unicredit-working-on-crypto-custody,BitcoinMagazine,"NEWS, Bitcoin, Digital assets, Europe, UniCredit"
https://cointelegraph.com/news/bitcoin-suisse-to-shift-up-to-half-of-swiss-jobs-abroad,2026-09-11T19:46:24+00:00,Bitcoin Suisse to shift up to half of Swiss jobs abroad,"The Swiss crypto financial services firm plans to move back-office functions to lower-cost international hubs as it expands its global wealth and asset management business, according to Finews.",https://cointelegraph.com/news/bitcoin-suisse-to-shift-up-to-half-of-swiss-jobs-abroad?utm_source=rss_feed&utm_medium=rss&utm_campaign=rss_partner_inbound,Cointelegraph,Latest News
https://bitcoinmagazine.com/?p=54803,2026-09-11T21:13:48+00:00,Blockstream Tells Hackers To Return Remaining Bitcoin Stolen in Liquid Theft,"Bitcoin Magazine Blockstream Tells Hackers To Return Remaining Bitcoin Stolen in Liquid Theft Bitcoin infrastructure firm Blockstream has refused to negotiate further with hackers who last week stole 4,000 bitcoins from its Liquid network. Writing on X Friday, Blockstream said that the hackers still had time to return the funds before the company would work with law enforcement. White-hat hackers on Sunday withdrew about $320 million from the federation wallet that backs Liquid, a sidechain by Blockstream. After negotiating with Blockstream, they returned most of the funds but kept 598.5 coins worth over $46 million — demanding it as ransom. “Blockstream will not pay a ransom for the return of stolen funds,” the post read. “Taking assets without authorization and withholding their return is a crime, not responsible disclosure. It is not white-hat activity. It is theft.” To those responsible for the theft of bitcoin from the Liquid Network: Blockstream will not pay a ransom for the return of stolen funds. Taking assets without authorization and withholding their return is a crime, not responsible disclosure. It is not white-hat activity. It is… — Blockstream (@Blockstream) September 11, 2026 It added: “We will work with law enforcement, exchanges, service providers, forensic specialists, and other relevant parties to trace and recover the assets and identify those responsible.” “We will not pay for the return of stolen property. We will not abandon our users. The Bitcoin community will not stop pursuing the funds.” Liquid, or L-BTC, is a layer-2 created by Blockstream that allows users to fast move assets backed 1:1 with bitcoin. One of the assets, LBTC, is a token backed by bitcoin that allows for quick settlement — a bit like the Lightning Network. Hackers were able to get the funds by exploiting an inflation bug on the Liquid sidechain to create over 4,000 LBTC that did not exist before and cash them out for real, on-chain bitcoins. The hackers then had an exchange with Blockstream via messages written into Bitcoin blocks. In one message, the white hats wrote: “Please fix the bug first. The chain is under risk at latest commit right now. Make sure every node is patched. Then we will transfer the money back safely after confirming the fix.” In the latest message, the hackers slammed Blocksteam as “delusional, greedy, and arrogant,” and threatened to reveal all of Blockstream’s encrypted messages in the exchange unless the company allowed thieves to keep 10% of the bitcoins. “You SHALL pay 10% using your own money as bug bounty or you will cause all your holders a 15% loss for your irresponsibility and stinginess,” the message read. The Bitcoin community is still reeling after hackers in July were able to steal over 1,800 bitcoins worth close to $140 million from Coldcard wallet holders. Users of the popular hardware wallet, created by Coinkite, were targeted because the product’s manufacturer did not use a true random number generator, allowing hackers to essentially guess investor seedphrases. This post Blockstream Tells Hackers To Return Remaining Bitcoin Stolen in Liquid Theft first appeared on Bitcoin Magazine and is written by Mathew Di Salvo .",https://bitcoinmagazine.com/news/blockstream-tells-demands-bitcoin,BitcoinMagazine,"NEWS, Blockstream, Crime, Hackers, lbtc, Liquid"
https://bitcoinmagazine.com/?p=54810,2026-09-11T21:22:59+00:00,"Bitcoin’s ‘Unusual Mix’: Bearish Inflation Print, Bullish Buyback Failure","Bitcoin Magazine Bitcoin’s ‘Unusual Mix’: Bearish Inflation Print, Bullish Buyback Failure Bitcoin’s path higher just got harder in the short term, but the setup further out may be improving, according to a new report. In a Friday note, European asset manager CoinShares’ Head of Research, James Butterfill, said firmer-than-expected core inflation raises the odds of tighter Fed policy and could cap bitcoin below $80,000 for now. But the longer-term case, he argued, rests on the U.S. Treasury’s bond buyback programme failing to bring down long-end yields — a failure that could ultimately feed the debasement narrative that has supported both bitcoin and gold. “The result is therefore a somewhat unusual policy mix for Bitcoin,” the report read. “Today’s CPI data is negative at the margin, increasing the probability of tighter monetary policy and potentially limiting the immediate upside. “But the apparent failure of the Treasury’s current buying programme increases the likelihood of much more substantial intervention further ahead.” It continued: “If that happens, it could become one of the more powerful medium-term catalysts for Bitcoin.” Data on Friday revealed that the consumer price index, excluding food and energy, climbed 0.3% in August from a month earlier — higher than expected. According to CME’s FedWatch tool, traders think there is a 85% chance interest rates will be higher after the Federal Reserve meets next week. Bitcoin has typically performed well in a low interest rate environment. But the U.S. Treasury’s expanded bond buyback programme has so far failed to materially suppress long-term yields. If yields stay stubbornly high, Butterfill said, pressure will build on Treasury Secretary Scott Bessent to escalate to a much larger, “bazooka-style” buying programme aimed at forcing borrowing costs down. Bitcoin in August had one of its best runs in years after Treasury Secretary Scott Bessent announced the department would double the size of its long-dated bond buybacks. The announcement and subsequent price surge has led some to say the much talked-about debasement trade is back. The so-called debasement trade is when investors buy an asset as a way to hedge against a currency losing value. Bitcoin and gold have both benefited as part of the trade as the dollar weakens. This post Bitcoin’s ‘Unusual Mix’: Bearish Inflation Print, Bullish Buyback Failure first appeared on Bitcoin Magazine and is written by Mathew Di Salvo .",https://bitcoinmagazine.com/news/bitcoin-has-unusual-mix-says-coinshares,BitcoinMagazine,"NEWS, Bitcoin, bitcoin price, Coinshares"
cd5cd6a8-2917-4ffa-b3be-9aad6d4e51f2,2026-09-12T16:00:00+00:00,Ditching bonds for bitcoin: How crypto can tackle the AI-heavy portfolio dilemma,"Bitcoin Suisse says rising AI investment, government debt and weakening stock-bond diversification strengthen the case for adding bitcoin to traditional portfolios.",https://www.coindesk.com/business/2026/09/12/ditching-bonds-for-bitcoin-how-crypto-can-tackle-the-ai-heavy-portfolio-dilemma,CoinDesk,"Finance, Artificial Intelligence, Bitcoin News, News"
748ffaae-cf8c-4aa7-92d1-b7f3abf520be,2026-09-12T21:09:06+00:00,Bitcoin Suisse plans to cut up to half its Swiss jobs as it shifts work abroad,The company is closing its Copenhagen IT site while maintaining Bratislava and opening a new hub in Vietnam to reduce costs.,https://www.coindesk.com/business/2026/09/12/bitcoin-suisse-plans-to-cut-up-to-half-its-swiss-jobs-as-it-shifts-work-abroad,CoinDesk,"Finance, Bitcoin News, News"
https://cointelegraph.com/markets/bitcoin-etfs-shed-463m-ether-etfs-gain-197m,2026-09-14T07:07:54+00:00,Bitcoin ETFs shed $463M in weekly reversal as Ether ETFs gain $197M,"ARKB, GBTC and IBIT led Bitcoin ETF withdrawals, while BlackRock’s ETHA pushed Ether ETFs into weekly inflows.",https://cointelegraph.com/markets/bitcoin-etfs-shed-463m-ether-etfs-gain-197m?utm_source=rss_feed&utm_medium=rss&utm_campaign=rss_partner_inbound,Cointelegraph,Markets
fe02b3c3-008b-43b7-8453-16bc78813038,2026-09-14T08:07:16+00:00,Bitcoin bucks tech selloff as AI safety concerns weigh on stocks,"Bitcoin rose above $77,000 as calls to slow AI development hit technology shares, while rising oil prices added to market pressure.",https://www.coindesk.com/markets/2026/09/14/bitcoin-bucks-tech-selloff-as-ai-safety-concerns-weigh-on-stocks,CoinDesk,"Markets, Bitcoin News, Markets, News"
https://cointelegraph.com/news/symbiosis-recovered-15-btc-bridge-hack-20-bounty,2026-09-14T09:55:35+00:00,"Symbiosis says recovered 15 BTC from bridge hack, offers 20% bounty",Symbiosis is offering a 20% bounty for information leading to asset recovery after the hacker refused to return the stolen funds for the same white-hat bounty.,https://cointelegraph.com/news/symbiosis-recovered-15-btc-bridge-hack-20-bounty?utm_source=rss_feed&utm_medium=rss&utm_campaign=rss_partner_inbound,Cointelegraph,Latest News
https://cointelegraph.com/markets/clarity-act-vote-meets-fed-rate-hike-five-things-to-know-in-bitcoin-this-week,2026-09-14T10:02:00+00:00,CLARITY Act vote meets Fed rate hike: Five things to know in Bitcoin this week,Bitcoin traders brace for volatility as the CLARITY Act awaits a Senate vote to move forward and the Fed is due to announce its latest rate decision.,https://cointelegraph.com/markets/clarity-act-vote-meets-fed-rate-hike-five-things-to-know-in-bitcoin-this-week?utm_source=rss_feed&utm_medium=rss&utm_campaign=rss_partner_inbound,Cointelegraph,Markets
c5c05f71-0f58-480d-9241-0faee5b26e9a,2026-09-14T10:09:41+00:00,"Bitcoin climbs to $78,000 as crypto sits out the AI selloff",Bitcoin rose 1.9% since midnight UTC while Nasdaq 100 index futures fell 1.65% on calls to slow AI development and crude gained almost 4% on a Saudi pipeline closure.,https://www.coindesk.com/markets/2026/09/14/bitcoin-climbs-to-usd78-000-as-crypto-sits-out-the-ai-selloff,CoinDesk,"Markets, Crypto Markets Today, News"
1e7d0d68-0669-4709-a1ac-ff7f00f5dbf4,2026-09-14T11:44:21+00:00,"Live updates: Bitcoin climbs as stocks drop, U.S. 10-year yield rises to 5%","The Federal Reserve's two-day policy meeting begins tomorrow, with nearly all now expecting the U.S. central bank to hike its benchmark policy rate by 25 basis points.",https://www.coindesk.com/tech/2026/09/14/live-updates-bitcoin-manages-small-gains-as-stocks-drop-on-ai-concern-oil-surges,CoinDesk,"Markets, Live News, live_news"
https://bitcoinmagazine.com/?p=54825,2026-09-14T12:43:26+00:00,A Bitcoin Berkshire Model: Orange Juice,"Bitcoin Magazine A Bitcoin Berkshire Model: Orange Juice The corporate Bitcoin landscape is currently dominated by a single, aggressive playbook. Companies following this model rely almost exclusively on capital markets and financial engineering—issuing debt, preferred stock, and common equity at premiums—to turn their corporate balance sheets into amplified, high-beta proxies for Bitcoin. Now, Orange Juice, a firm launched by partners at ego death capital, is introducing a brand-new corporate strategy to the mix. Rather than acting as a financial engineering vehicle reliant on capital markets, Orange Juice plans to acquire profitable American businesses, hold them indefinitely, improve their operations, and direct part of their excess cash flow into a Bitcoin treasury. While the dominant model turns investor demand for credit securities into Bitcoin, Orange Juice wants to turn sustainable operating earnings into Bitcoin. To understand the value of this new approach, you have to understand its primary departure from the prevailing meta: Orange Juice is deliberately not “max long” Bitcoin. By anchoring its balance sheet to traditional operating earnings, the company trades away explosive bull market leverage in exchange for a decorrelated return stream that acts as a vital ballast during bear market winters. Bear market ballasts and countercyclical purchasing power The core argument for the Orange Juice model becomes clearest during a Bitcoin bear market. Bitcoin companies that are driven by capital markets flows work best when investors are eager to finance them. Strong Bitcoin prices support higher equity valuations, which makes share issuance highly accretive, while healthy credit markets lower the cost of borrowing. However, during market downturns, this dynamic reverses. Equity premiums compress, credit becomes expensive, and capital markets become far less receptive. As a result, pure-play Bitcoin balance sheets lose their purchasing power precisely when Bitcoin is trading at its cheapest valuations. Orange Juice, in theory, would be able to use its non-Bitcoin enterprise value as a buffer against these “very awful months”. A durable operating business like a pest control firm, a managed IT provider, or an industrial maintenance contractor can all continue to collect customer payments and generate free cash flow even during a 50% Bitcoin drawdown. This steady operational cash provides the company with unencumbered, countercyclical purchasing power when external capital markets are closed. At its core, the non-Bitcoin business serves as a diversification venue, providing a decorrelated return stream that smooths out enterprise volatility and protects the firm from a fearful capital market. It is also applicable to leveraged financing, because free cash flow can be used to pay preferred dividends or debt coupons, which can eliminate the need to issue equity at bear market lows. The trade-off: cost of capital and the Bitcoin hurdle rate Because Orange Juice isn’t purely a Bitcoin balance sheet company, its downside protection comes with a clear structural trade-off. Every acquisition Orange Juice makes introduces a cost of capital and an implicit hurdle rate: Bitcoin itself. If Orange Juice has $20 million in capital, it must decide whether to deploy that $20 million directly into Bitcoin on day one or use it to acquire a business generating (as an illustration) $3 million in annual cash flow. Even if the business yields an attractive 15% initial cash return, Orange Juice still has to answer whether that business will ultimately create more Bitcoin-denominated value than simply holding the underlying asset. In a sustained bull market, this model obviously creates an inherent drag. A business returning 12 – 15% annually can prove to be a poor capital allocation decision if spot Bitcoin compounds much faster, and Orange Juice’s equity will naturally lag the explosive returns of amplified pure-play amplified “digital equity.” Orange Juice is effectively betting that the ability to aggressively buy the dip during bear markets (or at least service liabilities without selling Bitcoin or issuing equity) using operational cash will ultimately compensate for the opportunity cost of not putting every dollar directly into Bitcoin. Execution risk and acquisition quality For this countercyclical engine to work, the model depends heavily on acquisition quality and operational execution. Unlike strategies that focus primarily on marketing to the capital markets and on financial engineering, Orange Juice’s success would depend on management’s ability to execute M&A and manage operating businesses. The ideal subsidiary must generate recurring revenue, require minimal maintenance capital expenditures, carry modest leverage, and remain resilient through broader economic recessions. Weak or highly cyclical businesses damage the core thesis by losing its cash flow at the exact moment Bitcoin and the capital markets come under pressure. If an acquired subsidiary fails during a downturn, it could turn into an operational drain. Therefore, management must excel at both acquiring businesses at attractive free-cash-flow multiples and running them efficiently enough to maintain a predictable stream of excess cash for Bitcoin accumulation. The bottom line Corporate Bitcoin strategy no longer has to be a game dominated by “digital securities.” While pure-play Bitcoin companies operate as high-beta vehicles designed to maximize upside during favorable market regimes, the Orange Juice model offers an alternative framework designed for resiliency through decorrelation. By accepting lower beta and sacrificing maximum leverage in a bull market, Orange Juice, in theory, creates an operational foundation for unconditional purchasing power through every stage of the market cycle. Disclaimer: This content was prepared on behalf of Bitcoin For Corporations for informational purposes only. It reflects the author’s own analysis and opinion and should not be relied upon as investment advice. Nothing in this article constitutes an offer, invitation, or solicitation to purchase, sell, or subscribe for any security or financial product. This post A Bitcoin Berkshire Model: Orange Juice first appeared on Bitcoin Magazine and is written by Allard Peng .",https://bitcoinmagazine.com/bitcoin-for-corporations/bitcoin-berkshire-orange-juice,BitcoinMagazine,"BITCOIN FOR CORPORATIONS, Bitcoin, Corporate Finance, Orange Juice"
1f9fd944-86a3-49d6-80be-87f42daaaad8,2026-09-14T12:58:42+00:00,Bitmine adds $68 million in ether as Tom Lee sees more upside catalysts ahead,The Ethereum treasury firm is closing in on its 5% accumulation goal as Lee points to a rising ETH-BTC ratio and institutional demand.,https://www.coindesk.com/business/2026/09/14/bitmine-adds-usd68-million-in-ether-as-tom-lee-sees-more-upside-catalysts-ahead,CoinDesk,"Finance, Ethereum News, Digital Asset Treasury, News"
https://cointelegraph.com/markets/bitcoin-adds-to-bull-market-hopes-as-price-metric-prints-fourth-ever-bullish-cross,2026-09-18T10:46:17+00:00,Bitcoin adds to bull-market hopes as price metric prints fourth-ever bullish cross,The Fisher Transform indicator produced a rare crossover for only the fourth time in Bitcoin’s history.,https://cointelegraph.com/markets/bitcoin-adds-to-bull-market-hopes-as-price-metric-prints-fourth-ever-bullish-cross?utm_source=rss_feed&utm_medium=rss&utm_campaign=rss_partner_inbound,Cointelegraph,Markets
https://cointelegraph.com/markets/hype-ath-above-90-hyperliquid-manual-borrowing-lending,2026-09-18T11:54:24+00:00,HYPE hits record above $90 as Hyperliquid launches manual borrowing,"HYPE hit a record $90.92 after Hyperliquid opened manual borrowing, letting users borrow stablecoins against HYPE and Bitcoin collateral.",https://cointelegraph.com/markets/hype-ath-above-90-hyperliquid-manual-borrowing-lending?utm_source=rss_feed&utm_medium=rss&utm_campaign=rss_partner_inbound,Cointelegraph,Markets
https://cointelegraph.com/markets/bitcoin-hits-81k-as-us-bond-yields-rebound-on-global-oil-woes,2026-09-18T15:35:59+00:00,Bitcoin hits $81K as US bond yields rebound on global oil woes,Bitcoin price action made swift gains at the start of Friday’s Wall Street trading session as US 30-year bond yields began rising again.,https://cointelegraph.com/markets/bitcoin-hits-81k-as-us-bond-yields-rebound-on-global-oil-woes?utm_source=rss_feed&utm_medium=rss&utm_campaign=rss_partner_inbound,Cointelegraph,Markets
https://bitcoinmagazine.com/?p=55018,2026-09-18T16:46:48+00:00,"Bitcoin Price Surges Over $81,000 Despite Clarity Act Fail and Interest Rate Hike","Bitcoin Magazine Bitcoin Price Surges Over $81,000 Despite Clarity Act Fail and Interest Rate Hike Bitcoin’s price on Friday shot above $81,000 — despite a week of setbacks for the crypto industry. The biggest coin was recently trading for $80,982, after jumping as high as $81,055 at one point Friday morning in New York. Over the past 24 hours, it has risen by nearly 6%. Its surge comes after lawmakers on Tuesday blocked long-awaited crypto legislation, the Clarity Act, and the Federal Reserve on Wednesday hiked interest rates. JUST IN: Bitcoin surges to $81,000 pic.twitter.com/EQi5apUlxU — Bitcoin Magazine (@BitcoinMagazine) September 18, 2026 Digital asset industry bigwigs had long called for clear rules to regulate the crypto space and the Clarity Act — which wants to divide oversight between regulators — aimed to do that. But lawmakers blocked the landmark digital asset market structure bill in a procedural vote. And the Federal Reserve increased borrowing costs for the first time due to skyrocketing inflation in the U.S. The central bank’s chair, Kevin Warsh, said that price stability in the U.S. was the Fed’s number one priority. “The plain fact is that inflation is too high, and has been for too long,” Warsh said. “This summer’s inflation readings do not tell me that underlying trends have meaningfully improved.” Bitcoin has in the past done well in a low interest rate environment because it means there is more liquidity to trade the asset. While Bitcoin’s price dipped initially news of the Clarity Act blockage and Fed’s move, it shot up on Friday. Bitcoin exchange-traded funds in the U.S. have so far this week experienced net negative flows, with investors cashing out nearly $427 million from the vehicles, according to Farside Investors data. Flows on Thursday turned positive, with investors chucking nearly $160 million at the funds following two days of consecutive outflows. In a research note Thursday, asset manager Grayscale said that it didn’t expect bitcoin’s price to be hurt by the Fed’s decision because the move reflects a mid-cycle adjustment, not a cyclical change. And despite lawmakers blocking the Clarity Act, regulators like the SEC are already pushing ahead with pro-crypto regulation. This post Bitcoin Price Surges Over $81,000 Despite Clarity Act Fail and Interest Rate Hike first appeared on Bitcoin Magazine and is written by Mathew Di Salvo .",https://bitcoinmagazine.com/markets/bitcoin-price-jumps-over-81000,BitcoinMagazine,"MARKETS, Bitcoin, bitcoin price, CLARITY Act, Federal reserve"
https://bitcoinmagazine.com/?p=55024,2026-09-18T20:00:13+00:00,CFTC Sends Proposal To Regulate Crypto Transactions Following Clarity Act Fail,"Bitcoin Magazine CFTC Sends Proposal To Regulate Crypto Transactions Following Clarity Act Fail The Commodity Futures Trading Commission on Thursday sent a proposal to the White House to regulate crypto transactions and markets. It isn’t clear what the regulations will look like from the post on the Office of Management and Budget’s website. The proposal is titled “Regulation Crypto Asset Transactions and Regulation Crypto Asset Markets.” The CFTC’s move comes after lawmakers blocked the long-awaited crypto legislation Clarity Act on Tuesday. Despite the law not advancing, both the CFTC and Securities and Exchange Commission have said they would go ahead with crypto rulemaking anyway. CFTC Chair Mike Selig said on Wednesday that while the Clarity Act didn’t move forward, the watchdog would still help U.S. President Trump “get the job done” in regulating the crypto space. “The outcome of yesterday’s Senate vote was unfortunate,” Selig wrote on X, adding that the CFTC was “locked in and ready to ship its rules for the new frontier of finance.” Before the procedural vote on the legislation this week, Selig had said would proceed with rulemaking whether or not the Clarity Act is enacted — with the aim of finalizing rules before the administration’s term is out. Senators last year approved Selig as the regulator’s chair. Formerly chief counsel at the SEC’s Crypto Task Force, Selig was described by White House’s Crypto and AI Tsar, David Sacks, as “instrumental in driving forward the President’s crypto agenda” President Trump campaigned on a ticket to help the crypto space after regulators under the previous administration hit digital asset businesses with lawsuits — mostly for allegedly selling unregistered securities. Since Trump became president, the SEC and CFTC have taken a much friendlier approach to watchdogging the space. The CFTC isn’t the only regulator going ahead with rulemaking: the SEC earlier this week approved tokenized stocks trading. In August, it also proposed its own framework for crypto asset offerings, pressing ahead while the landmark legislation stalled. President Trump last month urged lawmakers to pass the Clarity Act, calling the legislation “very powerful” — but Republicans said that Democrats were deliberately holding it back. Democrats mainly took issue with the ethics side of the bill. Trump received backing from major industry players while campaigning and since becoming president, his family has made money from digital asset ventures. Some lawmakers have alleged conflicts of interest. The White House has always denied any wrongdoing. A new draft of the bill started circulating in July tackling the issue of ethics and banning officials from making money from crypto. But some Democrats said it didn’t go far enough. The Clarity Act wants to formally divide oversight between regulators, distinguishing which digital assets are securities, commodities or stablecoins. This post CFTC Sends Proposal To Regulate Crypto Transactions Following Clarity Act Fail first appeared on Bitcoin Magazine and is written by Mathew Di Salvo .",https://bitcoinmagazine.com/news/cftc-proposes-rules-following-clarity-fail,BitcoinMagazine,"NEWS, CFTC, CLARITY Act, Michael Selig, Trump"
https://bitcoinmagazine.com/?p=55027,2026-09-18T21:48:01+00:00,European Central Bank President Blocked Binance’s EU Entry: Report,"Bitcoin Magazine European Central Bank President Blocked Binance’s EU Entry: Report European Central Bank President Christine Lagarde stopped Binance from operating in the European Union, according to a Wall Street Journal report. The newspaper on Thursday reported that the top crypto exchange was on the cusp of operating in the trading bloc but then was told it couldn’t after the central bank chief waded in. EU law requires that local Crypto-Asset Service Providers (CASP) have a MiCA license. Binance does not. Binance in June withdrew its MiCA application in Greece. “Lagarde wanted to keep the controversial crypto exchange, which pleaded guilty to financial-crime violations in the U.S., out of the European Union,” the newspaper report said, citing interviews with officials. Lagarde has long been anti-Bitcoin and pro-central bank digital currencies. Back in 2021, Lagarde said that the leading cryptocurrency was “a highly speculative asset” used for money laundering. She also criticized cryptocurrencies as a whole and said central banks would never hold bitcoin. On CBDCs, though, Lagarde takes a different approach. A CBDC is a digital form of fiat money, like the US dollar or euro; nations around the world are in different stages of researching and releasing them. The EU under Lagarde is fast moving forward with a digital euro. Lagarde has described the digital euro as key to Europe’s financial autonomy while taking aim at privately issued stablecoins. CBDCs have been criticized by bitcoiners and others in the crypto industry who think they could be used to surveil citizens. U.S. President Donald Trump signed an executive order banning CBDCs when he took office. The WSJ report added, citing various interviews, that Lagarde was worried Binance would embed the dominance of dollar-based stablecoins in Europe, instead of encouraging euro counterparts. Binance is the world’s biggest crypto exchange and billions of dollars in stablecoins are traded on its platform daily. A controversial company, Binance and its CEO, Chanpeng Zhao, in 2023 pleaded guilty to anti-money-laundering violations and paid a record $4.3 billion fine. Binance in June said it was still working to pursue MiCA authorization in another EU Member State. This post European Central Bank President Blocked Binance’s EU Entry: Report first appeared on Bitcoin Magazine and is written by Mathew Di Salvo .",https://bitcoinmagazine.com/news/eu-central-bank-president-blocked-binance,BitcoinMagazine,"NEWS, Binance, Bitcoin, cbdc, christine lagarde, Eu"
8e58bc27-3008-4540-a510-8be2b0148241,2026-09-19T12:13:57+00:00,'The orange tie stays': Michael Saylor responds to venture capitalist's bitcoin obituary,"""Bitcoin feels like the CD in the age of Spotify, the DVD in the age of Netflix,"" wrote Jason Calacanis.",https://www.coindesk.com/markets/2026/09/19/the-orange-tie-stays-michael-saylor-responds-to-venture-capitalist-s-bitcoin-obituary,CoinDesk,"Markets, Bitcoin News, News"
ff3bb4f6-46a0-464f-90d5-29c5d4d34ef7,2026-09-19T14:00:00+00:00,'We have lost control': Crypto pioneer warns AI could trigger systemic banking and infrastructure shocks,"Marc van der Chijs sold much of his bitcoin to invest in AI. Now, growing concerns about the technology accompany a move to put some profits back into crypto.",https://www.coindesk.com/markets/2026/09/17/we-have-lost-control-crypto-pioneer-warns-ai-could-trigger-systemic-banking-and-infrastructure-shocks,CoinDesk,"Markets, Bitcoin News, Artificial Intelligence, News"
https://cointelegraph.com/news/rex-launches-2x-leveraged-etf-tied-to-bitcoin-treasury-firm-strive,2026-09-19T19:18:00+00:00,REX launches 2x leveraged ETF tied to Bitcoin treasury firm Strive,"The new ASSX fund offers 2x daily exposure to Strive shares, giving traders a leveraged way to bet on the Bitcoin treasury company.",https://cointelegraph.com/news/rex-launches-2x-leveraged-etf-tied-to-bitcoin-treasury-firm-strive?utm_source=rss_feed&utm_medium=rss&utm_campaign=rss_partner_inbound,Cointelegraph,Latest News
8f30bfdc-d65d-43bf-ad75-3d8859dde468,2026-09-20T12:00:00+00:00,Crypto traders braced for a total wipeout this week but Bitcoin had other plans,"Market experts view bitcoin’s price stability as evidence of its fundamental independence from Washington, maintaining that global liquidity and adoption cycles remain the primary growth drivers.",https://www.coindesk.com/markets/2026/09/18/crypto-traders-braced-for-a-total-wipeout-this-week-but-bitcoin-had-other-plans,CoinDesk,"Markets, Bitcoin News, Clarity Act, News"
https://bitcoinmagazine.com/?p=55030,2026-09-20T12:57:34+00:00,Why Legendary Investor Bill Miller IV has “Never Been More Bullish on Bitcoin”,"Bitcoin Magazine Why Legendary Investor Bill Miller IV has “Never Been More Bullish on Bitcoin” Bitcoin’s market cap sits roughly where it did at the last cycle’s peak, but according to Miller Value Partners chairman and CEO Bill Miller IV, the global fiscal situation has gotten much, much worse, which means the gap between price and fair value is wider than ever. Miller explains his capital governance thesis, why he views Bitcoin as a denominator for capital rather than an asset to be valued, and how he frames fair value against a US deficit roughly the size of Bitcoin’s entire market cap. He also addresses gold’s outperformance, the AI trade rotation and global liquidity flows out of Japan and US treasuries. 0:00 — Bill Miller IV on Why He’s Never Been More Bullish on Bitcoin 0:57 — Flat Market Cap, Worse Fundamentals: The Widening Fair Value Gap 2:07 — AI Trade Rotation, Japan Liquidity and the Global Liquidity Question 2:55 — The Deficit Framework: Bitcoin’s Market Cap vs One Year of US Borrowing 3:59 — Why Gold Outperformed Bitcoin and Why Miller Calls It Narrative Lag 5:56 — The Fed’s 25 Basis Point Hike, Energy Prices and Inflation 6:29 — Immigration, Rule of Law and Stability of Process for Capital 8:50 — Capital Governance Explained: What Happens When the Units Change 10:06 — Can US Companies Outrun the Debt, and Why Funds Still Can’t Hold Bitcoin 12:06 — A Denominator for Capital That Isn’t Backed by Force DISCLAIMER: The views and opinions expressed in this show are those of the participants and do not necessarily reflect the official policy or position of BTC Inc., Bitcoin Magazine, or any affiliated entities. This content is provided for informational and educational purposes only and should not be construed as investment, legal, tax, or accounting advice. Nothing contained in this show constitutes a solicitation, recommendation, endorsement, or offer to buy or sell any securities or financial instruments. Viewers should consult their own advisors before making financial or business decisions. This post Why Legendary Investor Bill Miller IV has “Never Been More Bullish on Bitcoin” first appeared on Bitcoin Magazine and is written by Patrick Green .",https://bitcoinmagazine.com/videos/bill-miller-iv-bullish-on-bitcoin,BitcoinMagazine,"VIDEOS, MARKETS, Bill Miller IV, Bitcoin, BMTV, Miller Value Partners, Video"
https://bitcoinmagazine.com/?p=55033,2026-09-20T13:06:46+00:00,Strategy CEO Phong Le: We Want to Be the JPMorgan of Bitcoin,"Bitcoin Magazine Strategy CEO Phong Le: We Want to Be the JPMorgan of Bitcoin Strategy’s aspiration isn’t to be a Bitcoin holding company — it’s to be the JPMorgan of Bitcoin. CEO Phong Le explains what that means in practice: creating products, making markets and providing liquidity for a digital asset economy he believes can eventually reach 8 billion people. He walks through Strategy’s digital credit ecosystem, now roughly $15 billion, and why DeFi protocols building yield and tokenized products on top of STRC matter more than anything Strategy ships itself. Le also addresses the MSCI index question and why the company is fighting exclusion on principle. 0:00 — Global Banks Move Deeper Into Bitcoin as Deutsche Bank Enters 1:29 — Regulatory Clarity and the New Rules From the SEC, CFTC and Treasury 2:06 — Why Strategy Chose Buybacks Over Raising the STRC Dividend 2:52 — What a Period of Stress Taught Strategy About Digital Credit 3:38 — The Two-Way Bitcoin Strategy: Long-Term Accumulation With Flexibility 5:17 — Bitcoin as a Cash-Adjacent Line Item on the Balance Sheet 7:18 — Becoming the JPMorgan of Bitcoin for 8 Billion People 9:16 — Digital Credit Becomes a Platform for DeFi Builders to Build On 12:06 — Stablecoins, Bank Yield Products and STRC’s Path to $300 Billion 14:59 — How AI Tools Are Embedded Across Strategy’s Software and Bitcoin Business DISCLAIMER: The views and opinions expressed in this show are those of the participants and do not necessarily reflect the official policy or position of BTC Inc., Bitcoin Magazine, or any affiliated entities. This content is provided for informational and educational purposes only and should not be construed as investment, legal, tax, or accounting advice. Nothing contained in this show constitutes a solicitation, recommendation, endorsement, or offer to buy or sell any securities or financial instruments. Viewers should consult their own advisors before making financial or business decisions. This post Strategy CEO Phong Le: We Want to Be the JPMorgan of Bitcoin first appeared on Bitcoin Magazine and is written by Patrick Green .",https://bitcoinmagazine.com/videos/strategy-ceo-phong-le-jpmorgan-of-bitcoin,BitcoinMagazine,"VIDEOS, Bitcoin, BMTV, MSCI, MSTR, phong le, Strategy, STRC, Video"
https://bitcoinmagazine.com/?p=55036,2026-09-20T13:15:42+00:00,Coinbase Policy Chief: Strategic Bitcoin Reserve Bill Outlook,"Bitcoin Magazine Coinbase Policy Chief: Strategic Bitcoin Reserve Bill Outlook The Clarity Act’s cloture vote failed this week, and Coinbase Chief Policy Officer Faryar Shirzad has the clearest post-mortem yet on why. He points to an electoral calendar that caught the bill late in the cycle and a roughly $200 million campaign by big banks that created serious drag on the process. Shirzad explains why he believes Congress has had its shot and why the real action now moves to the SEC, CFTC and bank regulators under Paul Atkins. He also lays out the three-track policy strategy — legislation, regulation and international — that he says still has strong momentum. DISCLAIMER: The views and opinions expressed in this show are those of the participants and do not necessarily reflect the official policy or position of BTC Inc., Bitcoin Magazine, or any affiliated entities. This content is provided for informational and educational purposes only and should not be construed as investment, legal, tax, or accounting advice. Nothing contained in this show constitutes a solicitation, recommendation, endorsement, or offer to buy or sell any securities or financial instruments. Viewers should consult their own advisors before making financial or business decisions. This post Coinbase Policy Chief: Strategic Bitcoin Reserve Bill Outlook first appeared on Bitcoin Magazine and is written by Patrick Green .",https://bitcoinmagazine.com/videos/coinbase-policy-chief-strategic-bitcoin-reserve-bill-outlook,BitcoinMagazine,"VIDEOS, Bitcoin, BMTV, CFTC, Coinbase, Faryar Shirzad, Regulaion, SEC, Strategic Bitcoin Reserve, Video"
https://bitcoinmagazine.com/?p=55042,2026-09-20T13:24:37+00:00,T. Rowe Price’s Blue Macellari: Bitcoin is Now Core to the Debasement Conversation,"Bitcoin Magazine T. Rowe Price’s Blue Macellari: Bitcoin is Now Core to the Debasement Conversation Blue Macellari spent 20 years investing in emerging market sovereign and distressed debt before building T. Rowe Price’s digital assets business — which makes her read on the Treasury market unusually worth hearing. She discusses the return of the bond vigilantes, the shift from foreign to domestic financing of US debt, and why the Japan and Italy comparisons don’t map cleanly onto America’s buyer base. She also assesses whether GENIUS Act stablecoin demand for T-bills is a material change or wishful thinking. Chapters: 0:00 — How the Digital Asset Conversation Changed Inside T. Rowe Price 1:15 — Why T. Rowe Price Built an Actively Managed Multi-Token ETF 2:43 — Tokenization at Scale and the Automation of Asset Management 4:22 — Bifurcated Liquidity and the Risks of 24/7 Trading 6:11 — The Brazil Mortgage Story That Became a Bitcoin Origin Story 7:04 — Global Liquidity, Fiscal Concerns and the Bond Vigilantes Return 8:26 — Foreign vs Domestic Treasury Buyers and the Japan Comparison 10:15 — Can GENIUS Act Stablecoins Create Real Demand for T-Bills? 11:16 — Why the Debasement Trade Actually Drives Institutional Allocations 13:02 — Volatility as a Portfolio Tool and the Generational Allocation Split DISCLAIMER: The views and opinions expressed in this show are those of the participants and do not necessarily reflect the official policy or position of BTC Inc., Bitcoin Magazine, or any affiliated entities. This content is provided for informational and educational purposes only and should not be construed as investment, legal, tax, or accounting advice. Nothing contained in this show constitutes a solicitation, recommendation, endorsement, or offer to buy or sell any securities or financial instruments. Viewers should consult their own advisors before making financial or business decisions. This post T. Rowe Price’s Blue Macellari: Bitcoin is Now Core to the Debasement Conversation first appeared on Bitcoin Magazine and is written by Patrick Green .",https://bitcoinmagazine.com/videos/t-rowe-prices-blue-macellari-bitcoin-is-now-core-to-the-debasement-conversation,BitcoinMagazine,"VIDEOS, Bitcoin, Blue Macellari, BMTV, T. Rowe Price, Video"
https://bitcoinmagazine.com/?p=55045,2026-09-20T13:34:01+00:00,Move Over Housing – Bitcoin is Gen Z’s New Wealth Building Asset,"Bitcoin Magazine Move Over Housing – Bitcoin is Gen Z’s New Wealth Building Asset Gen Z now makes up less than 5% of the new home market and Hunter Albright of SALT Lending thinks that changes what assets an entire generation chooses to build wealth with. In this conversation he connects housing affordability, Bitcoin as collateral, and the rise of borrowing against Bitcoin for down payments without locking your coins up for 30 years. Albright also covers Fannie Mae and Freddie Mac recognizing Bitcoin, SALT’s five-year loan terms, and what a Bitcoin-powered life actually looks like in practice. DISCLAIMER: The views and opinions expressed in this show are those of the participants and do not necessarily reflect the official policy or position of BTC Inc., Bitcoin Magazine, or any affiliated entities. This content is provided for informational and educational purposes only and should not be construed as investment, legal, tax, or accounting advice. Nothing contained in this show constitutes a solicitation, recommendation, endorsement, or offer to buy or sell any securities or financial instruments. Viewers should consult their own advisors before making financial or business decisions. This post Move Over Housing – Bitcoin is Gen Z’s New Wealth Building Asset first appeared on Bitcoin Magazine and is written by Patrick Green .",https://bitcoinmagazine.com/videos/move-over-housing-bitcoin-is-gen-zs-new-wealth-building-asset,BitcoinMagazine,"VIDEOS, Bitcoin, BMTV, Gen Z, Housing, Hunter Albright, SALT Lending, Video"
https://cointelegraph.com/magazine/who-needs-clarity-anyway-arb-could-see-70x-increase-asia-express,2026-09-20T23:37:39+00:00,Who needs CLARITY anyway? ARB could see 70X increase: Hodler’s Digest,"Crypto missed out on CLARITY, but tokenized stocks were legalized and the Bitcoin Reserve advanced. Meanwhile Standard Chartered says Arbitrum’s price could increase 70 times by 2030.",https://cointelegraph.com/magazine/who-needs-clarity-anyway-arb-could-see-70x-increase-asia-express?utm_source=rss_feed&utm_medium=rss&utm_campaign=rss_partner_inbound,Cointelegraph,Magazine
https://bitcoinmagazine.com/?p=55050,2026-09-21T00:52:50+00:00,Strategy Founder Michael Saylor Argues Clarity Act Collapse Is a Win,"Bitcoin Magazine Strategy Founder Michael Saylor Argues Clarity Act Collapse Is a Win Bitcoin treasury founder and pioneer Michael Saylor has said that the blockage of the Clarity Act is actually good for the digital asset space. Writing on X on Saturday, the Strategy founder and chair said that legislation can make restrictions permanent just as easily as rights. Lawmakers this week blocked long-awaited crypto legislation, the Clarity Act , which aims to formally divide oversight between regulators. The digital asset industry had long called for such rules to be in place. https://t.co/YhBIagcKpP — Michael Saylor (@saylor) September 19, 2026 Despite the hurdle, regulators like the Securities and Exchange Commission and the Commodity Futures Trading Commission are pushing ahead with rulemaking. “We have an administration willing to modernize financial markets. We should use the next two years to put better financial products into people’s hands,” Saylor wrote. He continued: “Let the Digital Assets industry innovate rapidly in a free market and create the greatest possible value for the U.S. and global economy.” Saylor, whose company Strategy started buying bitcoin in 2020, argued that watchdogs going ahead to make rules anyway — like the SEC’s conditional relief for onchain trading of certain tokenized stocks and the CFTC Chairman stated willingness to act without the bill — would give crypto companies the regulation they need. Saylor went on to argue that proposals in the act — such as limits on paying customers for holding payment stablecoins — wouldn’t benefit the crypto space anyway. Senators on Tuesday mostly voted against advancing the legislation — 49 for and 50 against — that the digital asset industry has long called for. The bill aims to formally divide oversight between regulators, distinguishing which digital assets are securities, commodities or stablecoins. President Donald Trump last month urged lawmakers to pass it, helping spur a bitcoin rally. But Republicans warned for months that Democrats were deliberately holding it back. Crypto industry bigwigs had long called for rules to be in place after regulators during the Biden Administration penalized companies in the digital asset space with fines for allegedly selling unregistered securities. This post Strategy Founder Michael Saylor Argues Clarity Act Collapse Is a Win first appeared on Bitcoin Magazine and is written by Mathew Di Salvo .",https://bitcoinmagazine.com/news/saylor-argues-clarity-act-failure-is-a-win,BitcoinMagazine,"NEWS, Bitcoin, CLARITY Act, michael saylor, Strategy"
1a0aa861-2332-411c-bf4a-569926f54b4c,2026-09-21T03:56:23+00:00,Bitcoin’s price has cleared a key hurdle that has historically preceded major bull runs,"Bitcoin's price has topped its 50-week average for the first time in 45 weeks, a major bullish signal.",https://www.coindesk.com/markets/2026/09/21/bitcoin-s-price-has-cleared-a-key-hurdle-that-has-historically-preceded-major-bull-runs,CoinDesk,"Markets, Bitcoin News, Prices, News"
99d78461-a199-4a26-9875-7cead1e1eca9,2026-09-21T04:03:43+00:00,"Bitcoin rises above $81,000, while NEAR jumps 23% on Zcash swap traffic",Bitcoin extended a slow climb through the Asian session while regional equities and U.S. stock futures rose on progress in trade talks between Washington and Beijing.,https://www.coindesk.com/markets/2026/09/21/bitcoin-rises-above-usd81-000-while-near-jumps-23-on-zcash-swap-traffic,CoinDesk,"Markets, News"
https://cointelegraph.com/markets/bitcoin-reclaims-50-week-moving-average-is-the-bear-market-over,2026-09-21T04:29:59+00:00,Bitcoin reclaims 50-week moving average as analysts eye end of bear market,"Bitcoin’s move above its 50-week moving average has historically marked the end of bear markets, but analysts say one weekly close isn’t enough to confirm a new bull run.",https://cointelegraph.com/markets/bitcoin-reclaims-50-week-moving-average-is-the-bear-market-over?utm_source=rss_feed&utm_medium=rss&utm_campaign=rss_partner_inbound,Cointelegraph,Markets
f16b98f9-1a8b-484e-aa2e-70f75f890c72,2026-09-21T08:39:26+00:00,"Live updates: Bitcoin tops $85,000, reclaims U.S. ETF cost basis for first time since January","Crypto majors climbed alongside equity futures on Monday, with Monero's XMR up 13%, as Brent fell for a fourth straight session and traders positioned for Trump-Xi summit later this week.",https://www.coindesk.com/business/2026/09/21/live-updates-bitcoin-rises-above-usd82-000-as-falling-oil-lifts-risk-assets,CoinDesk,"Finance, Live News, live_news"
https://cointelegraph.com/news/x-lawsuit-bitcoin-accounts-alleged-scheme,2026-09-21T09:35:25+00:00,X sues Bitcoin account operators over alleged $278K payout fraud,"X alleges six Bitcoin-focused accounts coordinated posts and engagement to inflate creator payouts, with claimed and projected losses of at least $378,000.",https://cointelegraph.com/news/x-lawsuit-bitcoin-accounts-alleged-scheme?utm_source=rss_feed&utm_medium=rss&utm_campaign=rss_partner_inbound,Cointelegraph,Latest News
4010b301-26bd-4aa6-815e-940178b2b63d,2026-09-21T10:15:44+00:00,X sues its own users for running a fake bitcoin news bot farm,X has sued Vivek Kumar Sen and Zmyang Sherpa for running fake bitcoin headline accounts to fraudulently earn creator rewards from the platform.,https://www.coindesk.com/markets/2026/09/21/x-sues-its-won-users-for-running-a-fake-bitcoin-news-bot-farm,CoinDesk,"Markets, Bitcoin News, News"
https://cointelegraph.com/markets/btc-price-nears-eight-month-high-above-85k-five-things-to-know-in-bitcoin-this-week,2026-09-21T10:15:51+00:00,BTC price nears eight-month high above $85K: Five things to know in Bitcoin this week,"Bitcoin hit $85,000 for the first time since January as markets focused on cooling oil prices.",https://cointelegraph.com/markets/btc-price-nears-eight-month-high-above-85k-five-things-to-know-in-bitcoin-this-week?utm_source=rss_feed&utm_medium=rss&utm_campaign=rss_partner_inbound,Cointelegraph,Markets
eb778519-5a5e-48ce-b5fa-fc4dfb736e06,2026-09-21T10:30:00+00:00,"Bitcoin hits $85,000 as short squeeze forces out $648 million of bearish bets","Open interest climbed 7.59% to $156 billion even as positions were closed out, a sign traders are chasing the move rather than stepping back.",https://www.coindesk.com/markets/2026/09/21/bitcoin-hits-usd85-000-as-short-squeeze-forces-out-usd648-million-of-bearish-bets,CoinDesk,"Markets, Crypto Markets Today, News"
cfe37c5a-2a81-48f2-994e-4417ef111833,2026-09-21T11:30:00+00:00,Perp futures linked to 'bitcoin VIX' debut on Hyperliquid,"Deployed via Kinetiq's Markets frontend and led by Volmex CEO Cole Kennelly, Hyperliquid's new BVIV perpetuals let traders easily go long or short on 30-day bitcoin volatility.",https://www.coindesk.com/markets/2026/09/21/perp-futures-linked-to-bitcoin-vix-debut-on-hyperliquid,CoinDesk,"Markets, News"
c42f4773-a537-45de-ab25-3acd425b22d6,2026-09-21T11:36:11+00:00,Bitcoin's 44% gain in third quarter teases full-blown crypto bull run,"Your day-ahead look for Sept. 21, 2026",https://www.coindesk.com/daybook-us/2026/09/21/bitcoin-s-44-gain-in-third-quarter-teases-full-blown-crypto-bull-run,CoinDesk,"Crypto Daybook Americas, Crypto Daybook Americas, News"
a68c0429-679c-4e28-b5c4-697b656aea09,2026-09-21T12:08:02+00:00,"Strategy returns to bitcoin buys, adding $75 million of BTC last week",It's the first week of bitcoin purchases for Strategy in about three weeks.,https://www.coindesk.com/markets/2026/09/21/strategy-returns-to-bitcoin-buys-adding-usd75-million-of-btc-last-week,CoinDesk,"Markets, Bitcoin News, News"
https://cointelegraph.com/news/strategy-950-btc-buy-strc-repurchase-174-million,2026-09-21T12:48:21+00:00,"Strategy buys 950 Bitcoin for $76M, repurchases $174M in STRC",Strategy bought 950 Bitcoin for $75.7 million after a two-week pause and spent another $174 million repurchasing its STRC preferred stock.,https://cointelegraph.com/news/strategy-950-btc-buy-strc-repurchase-174-million?utm_source=rss_feed&utm_medium=rss&utm_campaign=rss_partner_inbound,Cointelegraph,Latest News
https://bitcoinmagazine.com/?p=55053,2026-09-21T13:10:28+00:00,Billionaire Investor Tim Draper: “Irresponsible” for Apple & Meta NOT to Hold BTC,"Bitcoin Magazine Billionaire Investor Tim Draper: “Irresponsible” for Apple & Meta NOT to Hold BTC Government spending hasn’t slowed, and Tim Draper says that leaves only two real outcomes: hyperinflation or interest rates high enough to break banks. In this Bitcoin Magazine Podcast conversation with host Spencer Nichols, the Draper Associates founder makes the case that every business should hold at least four weeks of operating expenses in Bitcoin, every individual about six months, and every government a Bitcoin hedge. He explains why he considers boards that hold zero Bitcoin to be exposed — legally and financially — when a bank holding their cash goes under. Draper also maps his $250,000 Bitcoin price target to the next halving and the supply shock that follows. Host: Spencer Nichols — Bitcoin Magazine Tim Draper — Draper Associates Chapters: 00:00 — Why Apple and Facebook Should Hold Bitcoin on the Balance Sheet 01:56 — Decentralization and the Speed of Innovation 04:06 — Is AI a Centralizing or Decentralizing Force? 06:31 — AI Versus Big Law, Big Banks, and the Bureaucracy 09:05 — Government Spending, Hyperinflation, and Bitcoin as a Safe Harbor 11:21 — The Confederate Million Dollar Bill and Three Paths for the Dollar 13:58 — Open Borders, Pandemic Fear, and the Marketplace of Governments 16:56 — Governance as a Service and Governments That Compete for You 20:00 — Voting on Phones, Estonia, and Bitcoin’s Road to Retail 23:28 — The $250K Target, Two More Halvings, and an All-Bitcoin Fund DISCLAIMER: The views and opinions expressed in this show are those of the participants and do not necessarily reflect the official policy or position of BTC Inc., Bitcoin Magazine, or any affiliated entities. This content is provided for informational and educational purposes only and should not be construed as investment, legal, tax, or accounting advice. Nothing contained in this show constitutes a solicitation, recommendation, endorsement, or offer to buy or sell any securities or financial instruments. Viewers should consult their own advisors before making financial or business decisions. This post Billionaire Investor Tim Draper: “Irresponsible” for Apple & Meta NOT to Hold BTC first appeared on Bitcoin Magazine and is written by Patrick Green .",https://bitcoinmagazine.com/videos/billionaire-investor-tim-draper-irresponsible-for-apple-meta-not-to-hold-btc,BitcoinMagazine,"VIDEOS, Apple, Bitcoin, BTC, Meta, Podcast, Tim Draper, Video"
https://bitcoinmagazine.com/?p=55216,2026-09-25T15:35:30+00:00,Is US Defence Secretary Pete Hegseth a Bitcoiner? This Is What His Accounts Say,"Bitcoin Magazine Is US Defence Secretary Pete Hegseth a Bitcoiner? This Is What His Accounts Say U.S. Secretary of Defense Peter Hegseth holds more cash than he does bitcoin. That’s according to his newly released 2025 annual financial disclosure, which shows he has between $16,000 and $65,000 in the leading cryptocurrency while a bank account holds $1 million in cash. Hegseth, who was appointed Defense Secretary in January 2025, is part of the most crypto-friendly administration the U.S. has had. President Donald Trump was backed by digital asset industry bigwigs and last month pushed for landmark crypto legislation, the Clarity Act , to pass. Hegseth’s Office of Government Ethics filing also showed that he and his wife have retirement accounts containing investments worth roughly $2.05 million to $4.35 million. Some of the investments include exchange-traded funds like the tech-heavy Invesco QQQ Trust and the closed-end fund the Apollo Diversified Real Estate Fund. Transactions made by Hegseth including sales of Amazon, Microsoft, and Apple stock. The bitcoin stash held by Hegseth is kept in a Coinbase wallet, the filing states. Hegseth’s crypto holdings are modest compared to the Trump family’s, which has made billions in crypto ventures since the president took office. President Trump personally disclosed that he’d made more than $1.4 billion from the family’s digital asset ventures, making crypto his largest income source and far ahead of real estate and legal settlements. His family — including sons Eric and Donald Jr. — made $2.3 billion from four crypto ventures through the end of April 2026, a Reuters investigation reported this year. Critics, including Democrats, have accused Trump of profiting from crypto while shaping policy on it. The White House has consistently denied any conflicts of interest, and Trump has pointed to stock trading by members of Congress, particularly Nancy Pelosi, calling for a ban on the practice. This post Is US Defence Secretary Pete Hegseth a Bitcoiner? This Is What His Accounts Say first appeared on Bitcoin Magazine and is written by Mathew Di Salvo .",https://bitcoinmagazine.com/news/is-us-defence-secretary-pete-hegseth-a-bitcoiner-this-is-what-his-accounts-say,BitcoinMagazine,"NEWS, Bitcoin, Pete Hegseth, Trump"
https://bitcoinmagazine.com/?p=55221,2026-09-25T15:39:53+00:00,Bitcoin Treasury Strategy Proposes Daily Dividends For Preferred Stocks,"Bitcoin Magazine Bitcoin Treasury Strategy Proposes Daily Dividends For Preferred Stocks Bitcoin treasury company Strategy wants to pay investors daily dividends on four of its preferred stocks. The largest corporate holder of bitcoin said Friday that it was asking shareholders to approve the move, which would pay investors dividends every calendar day — including weekends and holidays — on STRF, STRC, STRK, and STRD. “If approved and adopted, we believe this would reduce reinvestment lag, enhance liquidity and market efficiency, and increase price stability,” Strategy said in a statement. Stockholders will attend a meeting to vote on the proposal on October 28. Strategy is proposing daily dividends on $STRF , $STRC , $STRK , and $STRD , accruing every calendar day, including weekends and holidays, and paid the next business day, with economics unchanged. The proposed changes aim to support price stability, liquidity, and demand. pic.twitter.com/N0wkXzi1gl — Michael Saylor (@saylor) September 25, 2026 Strategy slowed down with its aggressive bitcoin buys this year, as the largest cryptocurrency fell into a bear market. The Nasdaq-listed company instead focused on protecting its balance sheet and sold chunks of its bitcoin. Friday’s announcement claimed the move would help both investors and common stockholders. “We believe these enhancements can also benefit our common stockholders by increasing the attractiveness and utility of our Digital Credit instruments, supporting our ability to access preferred equity capital efficiently and expanding the capital markets toolkit we use to execute our Bitcoin Treasury strategy,” Strategy added in a statement. Strategy — formerly MicroStrategy — is an enterprise software company that pivoted to buying and holding bitcoin in 2020. It first bought the cryptocurrency to protect its shareholders from inflation. Since then, it has aggressively bought the asset and pivoted to being a bitcoin treasury. Investors can now buy its shares to get heightened exposure to the cryptocurrency, or get paid a yield via its digital credit products. The company would buy bitcoin every Monday but slowed down its buys after announcing a program under which it may sell BTC from time to time to generate up to $1.25 billion in proceeds for the USD reserve, additionally fund preferred stock dividends and interest expenses or fund repurchases. Strategy said in a filing Monday that it last week bought 950 bitcoins for $75.7 million — its first buy since August. Its Nasdaq-listed stock (MSTR) is down nearly 50% over the past year after the price of bitcoin took a hit. But since the company started buying bitcoin in 2020, MSTR has appreciated by nearly 1,000%. This post Bitcoin Treasury Strategy Proposes Daily Dividends For Preferred Stocks first appeared on Bitcoin Magazine and is written by Mathew Di Salvo .",https://bitcoinmagazine.com/news/strategy-proposes-daily-dividends,BitcoinMagazine,"NEWS, Bitcoin, bitcoin treasury, MSTR, Strategy"
https://cointelegraph.com/news/strategy-seeks-shareholder-approval-daily-preferred-stock-dividends,2026-09-25T16:34:16+00:00,Strategy seeks shareholder approval for daily preferred stock dividends,"Strategy’s proposal would move STRC and its three other preferred stocks to daily dividend payments, following a similar move by Bitcoin treasury firm Strive.",https://cointelegraph.com/news/strategy-seeks-shareholder-approval-daily-preferred-stock-dividends?utm_source=rss_feed&utm_medium=rss&utm_campaign=rss_partner_inbound,Cointelegraph,Latest News
https://bitcoinmagazine.com/?p=55224,2026-09-25T19:55:01+00:00,Bitcoin ETFs Extend Winning Streak With Nearly $3B in Inflows,"Bitcoin Magazine Bitcoin ETFs Extend Winning Streak With Nearly $3B in Inflows Bitcoin exchange-traded funds are on a winning streak, with investors buying for six consecutive days. The funds — managed by the likes of BlackRock, Fidelity, and Morgan Stanley — have received over $2.8 billion in new investment since September 17, according to Farside Investors data. On Monday alone, investors bought nearly $1 billion in shares — the most since October 6, when the funds received over $1.2 billion and the price of the leading cryptocurrency hit a new all-time high of $126,080. Still, Bitcoin’s price on Friday is only up modestly: it recently stood at nearly $83,975 after reaching as high as $87,330 on Monday. Over the past seven days, the coin’s price has surged by nearly 4%. While the price of the leading cryptocurrency has since dipped from earlier this week, Bloomberg ETF analyst James Seyffart pointed out that the average ETF buyer is now in profit after the estimated ETF cost basis surged above $81,72 for the first time since January. NEW: The average Bitcoin ETF Holder is back above water for the first time since January. The rally this morning has bitcoin:native above our estimated ETF cost basis of $81,722 per coin. h/t @EricBalchunas pic.twitter.com/h21zuvTxj6 — James Seyffart (@JSeyff) September 21, 2026 Investors have a renewed interest in Bitcoin since the U.S. Department of the Treasury in August said it would at least double the size of its liquidity-support buyback operations. Bitcoin’s price rallied as the move pushed 30-year Treasury yields down and weakened the dollar. Since the August announcement, U.S. Treasury yields have surged again. Bitcoin continued its run last week, shrugging off the fact that lawmakers had blocked landmark crypto legislation, the Clarity Act, and the Federal Reserve had hiked interest rates. Some analysts have said that the leading cryptocurrency is now in a bull run. Crypto market data firm CryptoQuant this week wrote that the leading cryptocurrency crossed above its 365-day moving average, a signal that the asset has finished being in a bear market. Bitcoin notched a record of $126,080 in October of last year but then began to sink later that month after the biggest liquidation event in crypto history saw over $19 billion in bets closed. But the so-called debasement trade — where investors throw money at an asset to hedge against a currency losing its value — is hot again, and bitcoin’s price has benefited as the dollar has weakened. This post Bitcoin ETFs Extend Winning Streak With Nearly $3B in Inflows first appeared on Bitcoin Magazine and is written by Mathew Di Salvo .",https://bitcoinmagazine.com/news/bitcoin-etfs-bring-in-nearly-3-billion,BitcoinMagazine,"NEWS, Bitcoin, Bitcoin ETFs, Blackrock"
https://bitcoinmagazine.com/?p=55229,2026-09-25T20:08:41+00:00,North Korean Hackers Linked to $388M Bitget Crypto Exchange Theft: CEO,"Bitcoin Magazine North Korean Hackers Linked to $388M Bitget Crypto Exchange Theft: CEO Hackers from North Korea targeted crypto exchange Bitget on Thursday, according to an update from the CEO, making away with close to $388 million in digital assets — more than originally reported. Bitget CEO Gracy Chen said Friday that the higher figure “reflects a more complete accounting of transfers during the incident.” Chen had first reported that over $350 million had been moved. Security firms first flagged unauthorized transactions from the Victoria, Seychelles-based exchange’s hot wallets on Thursday before the company announced it had frozen withdrawals. Bitget is the sixth biggest crypto exchange, processing over $1 billion in trading volume per day, according to CoinGecko data. “Based on IP behavior patterns and on-chain analysis, the attack method in this incident is highly consistent with known patterns of North Korean hacker organizations,” Chen wrote on X on Friday. She added: “Our goal is to complete a full recovery as soon as possible. We will announce the specific time window immediately upon confirmation.” In a security update, the exchange said it identified the digital assets stolen, which mostly included ethereum, tron, and USDT stablecoin — and no bitcoin. But a stolen funds tracker does show that the attacker has over $28.8 million in the leading cryptocurrency. Crypto stealing criminals — especially from North Korea — have become more sophisticated and faster since last year. Experts have said that the use of artificial intelligence tools is allowing cyber crooks to work more efficiently. U.S. authorities have long alleged that hacking groups with ties to the North Korea’s government, such as Lazarus, steal from crypto exchanges. Crypto security is in the limelight after a string of breaches this year have the community reeling. Just in July, hackers targeted a firmware bug in the popular bitcoin hardware wallet, Coldcard, to steal nearly $120 million in user funds. And this month, purported white-hat hackers withdrew about 4,000 bitcoins — worth about $320 million at the time — from Blockstream’s Liquid sidechain’s federation wallet. They then returned 85% and demanded to keep the rest as ransom days later. This post North Korean Hackers Linked to $388M Bitget Crypto Exchange Theft: CEO first appeared on Bitcoin Magazine and is written by Mathew Di Salvo .",https://bitcoinmagazine.com/news/north-korea-linked-to-bitget-hack,BitcoinMagazine,"NEWS, Bitcoin, bitget, hack, North korea"
a5ca0471-ae18-4e87-b3eb-2470edec7974,2026-09-26T12:00:00+00:00,Bitcoin could soon get Zcash-style 'shielded' privacy without changing its rules,"Researchers have mapped out private bitcoin-denominated transfers that run alongside Bitcoin, but the system still lacks a finished way to lock up real BTC and release it again.",https://www.coindesk.com/tech/2026/09/25/bitcoin-could-soon-get-zcash-style-shielded-privacy-without-changing-its-rules,CoinDesk,"Tech, Bitcoin News, Privacy, News"
https://bitcoinmagazine.com/?p=55236,2026-09-26T15:23:26+00:00,Grant Cardone: Real Estate “Armageddon” Is Here – Why BITCOIN is the Hedge,"Bitcoin Magazine Grant Cardone: Real Estate “Armageddon” Is Here – Why BITCOIN is the Hedge Commercial real estate is facing a historic reset, and Grant Cardone is using it to stack Bitcoin. The Cardone Capital founder explains how high interest rates are pushing properties below replacement cost and how he fills that gap with Bitcoin on the balance sheet. He breaks down his goal of 25,000 apartments and 25,000 BTC, and why he calls real estate his “Trojan horse” for Bitcoin. Chapters: 00:00 Grant Cardone on the Commercial Real Estate Reset and 6.4% Rates 00:51 How Cardone Capital’s Bitcoin Real Estate Deals Work 02:23 Why REITs Can Never Own Bitcoin: Cardone’s Competitive Moat 04:26 From 3,000 to 25,000 BTC: Real Estate as the Trojan Horse 06:50 Michael Saylor’s “P Word” and the $335M Boca Raton Deal 09:01 Will Cardone Capital Go Public? 10:12 Why Commercial Real Estate Faces a Historic Crash 11:02 Why Single-Family Home Prices Won’t Correct 12:31 Why Bitcoin and Real Estate Are the Perfect Hybrid Asset 14:32 Why Other Real Estate Investors Can’t Copy This Strategy DISCLAIMER: The views and opinions expressed in this show are those of the participants and do not necessarily reflect the official policy or position of BTC Inc., Bitcoin Magazine, or any affiliated entities. This content is provided for informational and educational purposes only and should not be construed as investment, legal, tax, or accounting advice. Nothing contained in this show constitutes a solicitation, recommendation, endorsement, or offer to buy or sell any securities or financial instruments. Viewers should consult their own advisors before making financial or business decisions. This post Grant Cardone: Real Estate “Armageddon” Is Here – Why BITCOIN is the Hedge first appeared on Bitcoin Magazine and is written by Patrick Green .",https://bitcoinmagazine.com/news/grant-cardone-real-estate-armageddon-is-here-why-bitcoin-is-the-hedge,BitcoinMagazine,"NEWS, Bitcoin, BMTV, BTC, grant cardone, Real estate, Video"
https://bitcoinmagazine.com/?p=55240,2026-09-26T15:37:08+00:00,Katie Stockton: $93K BTC is the Key Price Level for the Bull Market,"Bitcoin Magazine Katie Stockton: $93K BTC is the Key Price Level for the Bull Market Is the Bitcoin bear market officially over? Katie Stockton, founder of Fairlead Strategies, breaks down the technical signals behind Bitcoin’s rally of more than 50% off its recent lows, including the break above the 200-day moving average and the 83K–84K resistance zone. She explains why the cloud model points to $93,000 as the level where a new Bitcoin bull cycle becomes official. She also covers the flag pattern breakout, the monthly stochastic oscillator, and what could turn her defensive heading into Q4. DISCLAIMER: The views and opinions expressed in this show are those of the participants and do not necessarily reflect the official policy or position of BTC Inc., Bitcoin Magazine, or any affiliated entities. This content is provided for informational and educational purposes only and should not be construed as investment, legal, tax, or accounting advice. Nothing contained in this show constitutes a solicitation, recommendation, endorsement, or offer to buy or sell any securities or financial instruments. Viewers should consult their own advisors before making financial or business decisions. This post Katie Stockton: $93K BTC is the Key Price Level for the Bull Market first appeared on Bitcoin Magazine and is written by Patrick Green .",https://bitcoinmagazine.com/videos/katie-stockton-93k-btc-is-the-key-price-level-for-the-bull-market,BitcoinMagazine,"VIDEOS, Bitcoin, bitcoin price, BMTV, BTC, Bull Market, fairlead strategies, Katie Stockton, Video"
https://bitcoinmagazine.com/?p=55243,2026-09-26T15:43:07+00:00,TECHNICAL ANALYSIS: BTC to Cross Key Price Level Against Gold,"Bitcoin Magazine TECHNICAL ANALYSIS: BTC to Cross Key Price Level Against Gold The 90-day correlation between Bitcoin and gold just hit a six-year high, and Bitcoin is now just 3% away from flipping positive against gold for 2026. In today’s Chart of the Day, Sean breaks down the Bitcoin-to-gold chart, the string of higher lows since February, and the new high above 17.9 ounces. Chapters: 0:00 Bitcoin-Gold 90-Day Correlation Hits a Six-Year High 0:35 Why Measure Bitcoin in Gold? Stripping Out Dollar Debasement 1:20 Higher Lows and Higher Highs on the BTC/Gold Chart 2:27 From 12.1 oz to 17.9 oz: The Bullish Bitcoin Setup 2:53 The 20.3 oz 2026 Yearly Open and the Levels That Matter 3:21 Next Bitcoin Resistance: 21.5 oz of Gold (~$92K) DISCLAIMER: The views and opinions expressed in this show are those of the participants and do not necessarily reflect the official policy or position of BTC Inc., Bitcoin Magazine, or any affiliated entities. This content is provided for informational and educational purposes only and should not be construed as investment, legal, tax, or accounting advice. Nothing contained in this show constitutes a solicitation, recommendation, endorsement, or offer to buy or sell any securities or financial instruments. Viewers should consult their own advisors before making financial or business decisions. This post TECHNICAL ANALYSIS: BTC to Cross Key Price Level Against Gold first appeared on Bitcoin Magazine and is written by Patrick Green .",https://bitcoinmagazine.com/videos/technical-analysis-btc-to-cross-key-price-level-against-gold,BitcoinMagazine,"VIDEOS, Bitcoin, BMTV, BTC, Chart of the Day, Gold, Technical analysis, Video"
https://bitcoinmagazine.com/?p=55246,2026-09-26T15:49:00+00:00,An Austrian Economist Explains Why AI Will Make Everyone an Entrepreneur w/ Per Bylund,"Bitcoin Magazine An Austrian Economist Explains Why AI Will Make Everyone an Entrepreneur w/ Per Bylund AI is changing how we work, but can it replace the human entrepreneur? Austrian economist Per Bylund, Senior Fellow at the Mises Institute, joins Spencer Nichols to explain why AI is a statistical engine that improves efficiency but can’t imagine the future. He argues we’re moving from an employment economy to an entrepreneurship economy, and explains what that means for jobs, innovation, and value creation. Chapters: 00:00 Austrian Economics on AI, Innovation, and Entrepreneurship 02:34 Can AI Replace the Entrepreneur? 05:48 Invention vs Innovation: What Bitcoin Teaches About AI 06:29 From an Employment Economy to an Entrepreneurship Economy 09:52 Can Regulators Keep Up With the Speed of AI? 13:06 Remote Work, Capital Controls, and the Future of Money 18:23 Why Every Voluntary Trade Has Two Winners 26:28 The Individual vs the State in US-China Competition 31:17 Steel Stockpiles, Sugar Subsidies, and the Lobbying Behind Protectionism 33:36 OpenAI, Anthropic, and Regulatory Capture in AI DISCLAIMER: The views and opinions expressed in this show are those of the participants and do not necessarily reflect the official policy or position of BTC Inc., Bitcoin Magazine, or any affiliated entities. This content is provided for informational and educational purposes only and should not be construed as investment, legal, tax, or accounting advice. Nothing contained in this show constitutes a solicitation, recommendation, endorsement, or offer to buy or sell any securities or financial instruments. Viewers should consult their own advisors before making financial or business decisions. This post An Austrian Economist Explains Why AI Will Make Everyone an Entrepreneur w/ Per Bylund first appeared on Bitcoin Magazine and is written by Patrick Green .",https://bitcoinmagazine.com/videos/an-austrian-economist-explains-why-ai-will-make-everyone-an-entrepreneur-w-per-bylund,BitcoinMagazine,"VIDEOS, AI, Bitcoin, BMTV, BTC, Economics, Mises Institute, Per Bylund, Video"
https://bitcoinmagazine.com/?p=55252,2026-09-26T17:06:47+00:00,Samourai Letter #7: Notes From The Inside,"Bitcoin Magazine Samourai Letter #7: Notes From The Inside Dear Reader, It has been many months since I last wrote you. Part of the reason for that is because I spent most of June and part of July in transit from FPC Morgantown to FCI McKean – a four hour drive away. For most of that time I had no access to pen, paper, stamps, or the rudimentary email system that I use to send these letters out. The other part of the reason why I haven’t written in so long is that once I did finally arrive I was so shell shocked from the entire ordeal that I needed time to decompress and process that month long trauma that is BOP transit. Six days after arriving at FCI McKean I finally put pen to paper to document the journey but the result was less of a letter and more of a trauma dump to help me process the absolute worst 30 days of my life. I decided to take a step back and give it some time before I sent out this letter. I have been slowly adapting to life here at McKean, and in good time I will tell you all about this place, but for this letter I want to go back to early June. I want to tackle the entire transit process and explain how what should have been a quick four hour drive turned into 30 days, two trans-continental flights, three multi-hour bus rides, a cell mate doing time for murder, and a cell mate who couldn’t stop shitting (I preferred the murderer). This letter will likely be published in two parts due to the length. Thank you for your continued reading and support. If you have time to read this article, you have time to sign the petition to free Samourai Wallet developers Keonne Rodriguez and William Hill. Every signature counts. “ I finally put pen to paper to document […] the absolute worst 30 days of my life .” On June 5th I was told I would be transferred from FPC Morgantown for a drug and alcohol treatment program. Successfully completing the program (which takes about 9-10 months) rewards you with a year off your sentence, so it is seemingly well worth the hassle of moving to take it. For security reasons they do not tell you when you will be leaving or where you will be going. While being transferred in BOP custody you almost always are put on an airplane being piloted and operated by the US Marshalls to be taken to BOP transit hub in Oklahoma City. After a few days in Oklahoma you are put back on a plane and taken to your destination. From speaking with others I was told to expect 1-2 weeks of transit. I also heard that it costs around $10,000 per prisoner to be transited through Oklahoma. I figured that since I am classified as minimum security, spent close to two years on pre-trial release, self surrendered, and had no incident reports since being incarcerated I would be a good candidate for what is called a transfer furlough – where I would be responsible for transporting myself to my new institution at my own expense. I put in my official request for a transfer furlough on June 5th. On June 8th my request was denied without explanation, I would be going through transit, no way around it. On June 10th I was called to Receiving and Discharge (R&D) at 6:00 AM. Though I did not know it at the time I was about to embark on a month long fever dream through two different holding facilities, share cells with murderers, be locked down behind iron barred cells for 23 hours a day, and much more. Leaving through R&D is much the same as when I arrived. I was stripped, searched, issued a pair for ill fitting clothes (khaki elastic band trousers, a brown cotton shirt, threadbare boxers, socks that didn’t match, and a pair of slip on blue canvas shoes). I was put into a holding cell while the other inmates being transferred went through the same process. There were six of us transiting from Morgantown on that day. We were each lined up and called forward so that the officer could fasten shackles to our ankles and cuffs to our wrists. Once cuffed and shackled the officer wrapped a chain around our waist and attacked the handcuffs to them. The end result being that you could not lift your arms or hands much higher than your waist, and you could walk only in painful short shuffling steps. We were handed a brown paper bag with ‘breakfast’ in it (bread, peanut butter, bologna) and escorted to the waiting bus. “ We were each lined up and called forward so that the officer could fasten shackles to our ankles and cuffs to our wrists.” The bus was a cross between yellow school bus and a coach (think Greyhound or National Express) and already filled with inmates from other prisons in the area. There were guys from all security levels on the bus. Some guys serving 20 years coming from the “pen” (The US Penitentiary), some guys like me serving short sentences and going to a camp. The atmosphere was generally friendly on the bus, most of the USP guys were interested in what the camp was like and how much contraband like vapes and phones cost. At the front of the bus behind a metal grate were the driver and three heavily armed officers. They all wore stab vests and carried handguns and long guns. As we departed Morgantown I was excited to watch the scenery go by. This was the first taste of the outside world I had in 6 months. I took in all the sights. The trailer park, the run down gas station, the XXX store, it all was captivating. After about an hour of driving the bus suddenly exited the highway and stopped on the side of a small road. After 20 minutes idling I noticed one of the officers walking back to the bus with a bag of biscuits from Tudor’s Biscuit World – a West Virginia institution. We remained on the side of the road as each officer one by one went and bought breakfast, an endeavor that took over an hour. I decided Breakfast sounded good but my bread fell out of bag onto the floor. Breakfast would have to wait. As quickly as we got back on the road we suddenly pulled off again. This time each officer went one by one into a gas station to buy cigarettes and energy drinks. The metal of the shackles were starting to dig into my ankles, my wrists were cramping, my eardrums were shot beyond comprehension. Many others have said it before, but the one thing you really remember about the prison bus is how unbelievably loud it is. Every bump in the road is followed by a symphony of crashing metal. Inmates at the front of the bus maintain full conversations at full volume with their friends all the way in the back. The volume is at maximum for the entire journey. After about 5 hours we arrived at the Greenbriar Valley Regional Airport. There were several other prison busses parked off to the side of the runway. For the next hour or so a parade of officers from other busses would climb up and yell out a series of names. We were playing a grand game of musical chairs and for a brief moment I prayed that I would be called to another bus and spirited off to my camp bypassing the free plane ride to Oklahoma. Eventually musical chairs was over and we were instructed to get off the bus and directed to line of waiting US Marshalls standing in front of a plain white airplane adorned only with a small American flag on the tail fin. The Marshall patted me down, checked my mouth and feet and directed me to line up and wait by the front of the plane under the cockpit. They packed us in tight on the runway 10 rows of inmates at least 10 men deep. We watched inmates disembark the plane and enter the busses we just left. The whole thing must be a logistical nightmare for the folks at BOP and I was surprised how smoothly it all was moving. It was by no means quick, but it could have been far worse. Finally I was ordered to wobble up the stairs to board the plane. I felt like Joe Biden before falling up the stairs. How embarrassing it would be to eat it in front of all the convicts. I made it up without embarrassing myself. On board Air Operations Marshalls replaced flight attendants, though one really couldn’t tell any difference in demeanor between a Delta air steward herding a bunch of fat slobs in sweat suits and a US Marshall herding a bunch of prisoners. We filled each row from back to front at the direction of the Marshalls. I was sat in the window seat. The guy next to me sported a nifty full face tattoo and informed me he had been down 15 years and was kicked out of the USP for fighting. I informed him I was on my way to a camp and had been down for 6 months. He had nothing else to say to me after that. “ This was the first taste of the outside world I had in 6 months. “ The plane itself had certainly seen better days, it looked to have been dated from The Cold War. The stickers commonly found plastered across the surfaces of airplanes telling you not to smoke or where to find the life vest in case of emergency – how exactly to apply said life vest while shackled and bound was not explained – were all in German and Russian. Where the hell did they get this thing from. The plane was filled 2/3 of the way with inmates. The final third at the front of the plane were all US Marshalls, at least 30 of them. With that, the plane took off and we were on our way to Oklahoma City. After about an hour an Air Marshall doing their best surly Delta stewardess impression threw a bag of lunch at us. It was the second – but not last – sack lunch containing 4 slices of bread, a pouch of peanut butter, two slices of turkey, and a small pack of cookies (“Cream 4 Fun” a BOP staple that even in my dire circumstances solicited a juvenile chuckle out of me). Sick to death at this point of the oily BOP peanut butter I happily pawned it off on the face tattoo next to me. I got started trying to fix myself a turkey sandwich – a task made difficult due to the cuffs and limited mobility. The bread was ice cold and the turkey was frozen solid. After brushing off the top layer of ice from the sliced meat and placing it between the now soggy and still freezing bread I took a bite and decided I wasn’t a great fan of turkey popsicle sandwich. The Cream 4 Fun would have to suffice for lunch. I was thankful for the small bottle of water that was handed out, but was not thrilled when I spilled most of it down my front contorting myself to try and twist the cap off. Shortly after lunch the Marshall went row by row to ask if we needed to use the toilet. Most people did, so the rest of the flight consisted of much jostling and shuffling to the bathroom and back. I refused, preferring to hold it, but the gentleman across the aisle let the entire plane know that he needed to take a shit, a declaration that caused much consternation and debate. As we approached Oklahoma City the pilot got on the intercom to let us all know it was a beautiful sunny day in Oklahoma City, a balmy 88 degrees. He failed to mention that none of us would see that sun for our entire stay in FTC Oklahoma City. We landed at OKC airport, went past the main terminal building towards a squat brown concrete building about 6 stories high. After what felt like an eternity we were disembarked row by row through the jet bridge directly into the airport prison. We shuffled single file through an assembly line of Marshalls who thankfully removed the cuffs and shackles, searched our mouths and feet again, and directed us into a dark concrete holding cell where we were packed in tight like a tin of sardines. In the corner of the room was a single stainless steel combination toilet, sink, water fountain. Almost immediately several inmates somehow fashioned a lighter and proceeded to get extremely high on K2 – known also as Deuce. In prisons Deuce is commonly just roach spray or rat poison drenched on a small piece of paper. When you light the paper and inhale the fumes you often freeze where you are standing lean over and are lost to the world around you for several minutes. I was most curious as to where the hell they were hiding these things to make it past no fewer than 3 probing searches. All I could think of was getting out of this claustrophobic concrete box into a housing unit with other minimum security “campers”. Everyone had warned me that security classifications would be mixed until you were assigned a housing unit. I just had to tough out the intake process. “Y ou quietly wonder if Dante got it all wrong and all the circles of hell happen to be within the BOP’s Oklahoma City airport transfer facility. “ For being the official transit hub of the BOP, handling thousands of inmates every week, the staff at FTC Oklahoma City were breathtaking in their incompetence. Every last officer was less than useless, all of them wearing an expression of bewilderment as to how they happened to stumble into this predicament of dealing with a plane load of convicts, as if normally they were payroll accountants or copy clerks. It was as if it was everyone’s first day on the job. After jam packing us ass to elbow in the small concrete room for 4 hours – presumably they were having some sort of crisis meeting trying to determine what exactly they were supposed to do with us – a morbidly overweight officer whose stab-vest appeared to be groaning in protest at the enormity of the task of protecting such an enormous man unlocked the door and shouted that he needed five of us at a time. Instantly well over 100 men all desperate to be out of this hellish room push and shove their way towards the door. The only ones in no hurry are the deuce heads who have no idea where they are – and if they are indeed aware their limbs are in no mood to take any direction regarding movement – and myself who has no interest in playing grab ass with murderers and rapists. I wait patiently towards the back of the room and entertain myself by taking covert glances at the inmates around me to try and guess which ones are the ‘chomos’ (child molesters). You may at this point wish to chide me and extoll the virtues of not judging a book by its cover, but these books had covers that all but said “Hey Look! I’m a chomo!”. They have a look about them. After 45 minutes of 5 men trickling out at a time the room emptied and the deuce heads stumbled back into reality – what a horrible reality to return to from what must be a thrilling escape – and we shuffle out into the convict assembly line. We are commanded to undress, lift, squeeze, cough under the careful supervision of an officer no doubt cursing the recruiter at the Buttplug County job fair who never said anything about staring at genitals all day. Once the second strip search of the day concludes you are thrown a bundle of damp clothing with odd stains on them and hurry you further along the conveyor belt towards a long queue to go through a body scanner machine, the kind of thing you would find at an airport designed to find bombs and weapons. The officer manning the machine sits behind a lead curtain to shield themselves from radiation that leaks out of this whirring machine. The warning sticker helpfully informs you to keep back behind the blue line for your safety, but it turns out this warning is not for you, you are instructed to jam yourself as close as possible to the machine so they make sure to dose you with the radiation of the 6 guys ahead of you. Once you have been sufficiently irradiated you get pushed along where the medical officer menacingly asks if you have anything medically wrong with you, almost daring you to say anything but “no”. There is a whirlwind of papers being stamped, collated, duplicated, and filed and before you know it the assembly line ends. You breath a sigh of relief, surely some friendly officer is going to check your papers and notice you are a minimum security ‘camper’ and whisk you away. Instead yet another morbidly obese officer points at a room and makes some sort of grunting noise. You do not speak primate but gather he wants you to wait in the room. You quickly realize this room is a carbon copy of the first holding room and you quietly wonder if Dante got it all wrong and all the circles of hell happen to be within the BOP’s Oklahoma City airport transfer facility. “All I could think of was getting out of this claustrophobic concrete box.” Another couple of hours pass – or years, who can tell at this point – in the second holding room and the Deuce heads are the only ones having a great time. The Deuce dealers have defeated yet another strip search and now a body scanner. Eventually an officer of indeterminate gender unlocks the door and yells out 5 to 10 names and you are escorted to your “range” (prison speak for the floor you live on). The officer leads us towards the elevator, 10 of us cram in and I get a good look at the men with me. Seven of them have full face tattoos that extend across their shaved heads. Rams horns, Celtic knots, Thor’s hammer, that sort of thing. At this point I am fully aware that a “camper” only range is a fantasy. I am going into the general population with murderers, rapists, kidnappers, gang members, and career criminals – many of whom have spent more time behind bars than they have in society. I take a deep breath, this is no time to be anxious or afraid. If the sharks smell fear they will strike. The guard walks us to the heavy metal door that seperates our range from the hallway. He turns the key but the door won’t open. He tries another key with the same result. One of the face tattoos mocks him “what is it your first day or something?” he heckles. The officer now very aware that this is taking way too long fumbles the keys and drops them on the floor. The scene is objectively funny and now several more of the inmates are heckling the clumsy officer. Finally the door opens from the inside. The range officer must have taken pity and opened it for him. The guys watching on the security cameras must have been pissing themselves. He will probably never hear the end of it in the breakroom. I am on Range 4D. The room is vaguely triangular in shape as if the architect started drawing a triangle but gave up halfway through. The room is large and painted in a palette of institutional grey and the same sort of pink they paint high schools. Cells with big metal doors line three of the walls. Two large staircases flank both sides of the room and take you up to an internal balcony where cells line the walls as well. If I remember correctly there are 30 two-man cells on each floor, so each range holds a total of 120 men. As soon as you cross the threshold between hallway and range you are immediately struck by the sheer number of strung out junkies hunched over seemingly frozen in place. Before you even have a chance to breathe several face tattoos are in your face asking if you want to buy drugs from them. These enterprising fellows apparently are running a fully stocked pharmacy. They offer me deuce, ice, meth, snizzlefizz, and junglerush. Okay, I made the last two up, but they offered me stuff I have never heard of before. I decline the offer and they move on quickly to a more lucrative mark. The range officer leaves his office and steps over a frozen drug addict and informs us that he is new here and to just give him a minute to get us situated. I politely wait while the officer – looking more and more flustered by the minute – assigns the guys ahead of me their cells, hands them a roll of toilet paper, and a thin mattress before sending them on their way into the jungle. When it is my turn the officer lets me know that he has run out of toilet paper and but if I give him a minute he will find me some. He gives me my cell number and scurries away back into his office. I follow him and remind him I need a mattress to which he explains he has run out of those as well, but if I just give him a minute he will try and locate one. From that point forward he was “Officer Just-A-Minute”. I climb over three junkies strung out on the staircase and make my way to the cell I have been assigned. “This isn’t fucking Guantanamo! ” The cell is small, only a bunk bed, a toilet, a sink, a desk, and a fluorescent light. Inside is a large American Indian. If you asked someone to draw the most racist caricature of an American Indian he would have drawn this guy. He looks at me and says in a deep voice with a flat affect “I am Shadow”. The strange face tattoos gave him the air of some sort of tribal witch doctor. I said “You sure are” and quickly introduced myself lest he take offense to my glib remark and place a hex on me. I liked Shadow immediately. I learned that he was on his way to a USP doing 20 years for murder. Before I had a chance to explain that I was on my way to a camp for the fake crime of not having a license I didn’t even need in the first place Officer Just-A-Minute was in the doorway of the cell holding half of a foam mattress. Decidedly at the end of my tether I looked to him, to the mattress in his hands, back to him and asked incredulously “what the fuck am I supposed to do with that?”. “It is all we have” he responded slightly annoyed. “It is half gone. How the hell am I supposed to sleep on that? My ass and legs will be on bare metal!” I protested. “Welcome to prison” he responded curtly. I was seriously fed up at this point, plus I had Shadow the murdering witchdoctor to back me up so I pressed further “I understand this is prison. I am well aware of that fact! You still have an obligation to provide us basic amenities like bedding. This isn’t fucking Guantanamo!” I pushed. He simply shrugged and dropped the mat onto the floor and walked off. “Fuck that guy” said Shadow. I agreed. A few minutes later Officer Just-A-Minute walked by and locked the cell door. We were locked in for the night. It would be the first time I had been truly locked in a cell. I was mildly surprised there wasn’t some sort of central locking mechanism. The officer needed to walk by 60 cells and manually lock them all. A while after locking us in another officer showed up to perform the 10:00 PM count. Count concluded I climbed onto my half mattress and waited for the bright fluorescent light to be turned off. By 11:00 PM I asked Shadow what time they usually turned the lights off. “They don’t” he responded. I sighed and covered my head with the sheet they gave me – it smelled vaguely like motor oil and sawdust – and silently sobbed. Everyone told me that transit was bad, that Oklahoma was terrible. They were not overstating it. I laid there, ass on bare metal, harsh light shining through the threadbare sheet and asked myself if all this was worth the year off. I regretted ever leaving Morgantown, and I desperately wanted to call my wife Lauren. The transit story will continue in Part 2. Thank you for reading. This is a guest post by Keonne Rodriguez. Opinions expressed are entirely their own and do not necessarily reflect those of BTC Inc or Bitcoin Magazine. This post Samourai Letter #7: Notes From The Inside first appeared on Bitcoin Magazine and is written by Keonne Rodriguez .",https://bitcoinmagazine.com/culture/samourai-letter-7-notes-from-the-inside,BitcoinMagazine,"CULTURE, FEATURED, CodeIsSpeech, FreeSamourai, Keonne Rodriguez, Samourai Wallet, William Hill"
https://cointelegraph.com/news/riot-platforms-repays-200m-credit-facility-releases-collateral,2026-09-27T09:57:19+00:00,"Riot Platforms repays $200M credit facility, releases collateral",The Bitcoin miner has continued to expand its data-center business as well.,https://cointelegraph.com/news/riot-platforms-repays-200m-credit-facility-releases-collateral?utm_source=rss_feed&utm_medium=rss&utm_campaign=rss_partner_inbound,Cointelegraph,Latest News
fcf30766-17ca-43a6-bafc-1f1bc6938b05,2026-09-28T03:58:52+00:00,"Bitcoin, Nasdaq futures decline as Trump won’t rule out more Iran strikes","Trump on Sunday didn’t rule out additional strikes on Iran before the midterm elections, even as he said the war could end soon.",https://www.coindesk.com/markets/2026/09/28/bitcoin-and-nasdaq-futures-decline-as-trump-won-t-rule-out-more-iran-strikes,CoinDesk,"Markets, Bitcoin News, News"
https://cointelegraph.com/markets/bitcoin-etf-billion-biggest-inflow-week-october-2025,2026-09-28T08:24:40+00:00,Bitcoin ETFs draw $2.4B in biggest inflow week since October 2025,"Daily inflows slowed as Bitcoin pulled back from above $87,100, while Ether and XRP ETFs also attracted fresh capital during the week.",https://cointelegraph.com/markets/bitcoin-etf-billion-biggest-inflow-week-october-2025?utm_source=rss_feed&utm_medium=rss&utm_campaign=rss_partner_inbound,Cointelegraph,Markets
https://cointelegraph.com/markets/bitcoin-drops-under-83k-as-liquidity-hunting-keeps-bulls-from-targeting-yearly-open,2026-09-28T09:03:20+00:00,Bitcoin drops under $83K as liquidity hunting keeps bulls from targeting yearly open,Bitcoin joined US stock futures in dropping on Monday after US president Donald Trump did not commit to permanently halting strikes on Iran.,https://cointelegraph.com/markets/bitcoin-drops-under-83k-as-liquidity-hunting-keeps-bulls-from-targeting-yearly-open?utm_source=rss_feed&utm_medium=rss&utm_campaign=rss_partner_inbound,Cointelegraph,Markets
3c6eb129-ebf3-4e00-944a-9add2c9748ab,2026-09-28T09:29:34+00:00,Bitcoin bears pay to bet on further declines as futures positions near yearly lows,"Overall demand for leveraged exposure remains weak, marked by sliding futures open interest. The capital that's still in the market appears skewed toward bearish positions.",https://www.coindesk.com/markets/2026/09/28/bitcoin-bears-pay-to-bet-on-further-declines-as-futures-positions-near-yearly-lows,CoinDesk,"Markets, Bitcoin News, News"
9b137aae-ded0-4e17-9b0d-26bf382f9b30,2026-09-28T10:02:37+00:00,Live updates: Bitcoin trims losses as oil eases on hopes of U.S. and Iran talks,ZEC led losses among major tokens as Brent pushed toward $108 and traders added to bets on another Fed rate increase ahead of this week's inflation and jobs data.,https://www.coindesk.com/business/2026/09/28/live-updates-bitcoin-sinks-below-usd83-000-as-iran-talks-stall-and-oil-climbs,CoinDesk,"Finance, Live News, live_news"
19e0c7e3-1cce-4303-8ffa-c3fd13a93108,2026-09-28T10:15:04+00:00,"Bitcoin falls to $83,000 while altcoins unwind Friday's rally","Bitcoin fell 1.7% to $83,000, though the CoinDesk 100 dropped 2.6% as Friday's biggest gainers reversed and oil climbed back above $100.",https://www.coindesk.com/markets/2026/09/28/bitcoin-falls-to-usd83-000-while-altcoins-unwind-friday-s-rally,CoinDesk,"Markets, Crypto Markets Today, News"
https://cointelegraph.com/news/bitget-btc-withdrawal-hacker-eth-swap-thorchain,2026-09-28T11:05:24+00:00,Bitget resumes Bitcoin withdrawals as hacker swaps ETH via THORChain,Ether withdrawals are scheduled to return Tuesday and USDt on Wednesday as Bitget restores services following last week’s $388 million hack.,https://cointelegraph.com/news/bitget-btc-withdrawal-hacker-eth-swap-thorchain?utm_source=rss_feed&utm_medium=rss&utm_campaign=rss_partner_inbound,Cointelegraph,Latest News
eed4895b-8246-409f-b7f9-dcc917fa8a54,2026-09-28T12:13:09+00:00,THORChain rejects Bitget request to block hacker as $6 million moves to bitcoin,"CoinDesk found 27 successful swaps moving about 2,390 ETH into 75.2 BTC, even as Bitget urged THORChain to stop serving addresses tied to the $387.5 million theft.",https://www.coindesk.com/tech/2026/09/28/thorchain-rejects-bitget-request-to-block-hacker-as-usd6-million-moves-to-bitcoin,CoinDesk,"Tech, News"
https://cointelegraph.com/markets/btc-price-eyes-best-q3-in-nine-years-three-things-to-know-in-bitcoin-this-week,2026-09-28T12:21:50+00:00,BTC price eyes best Q3 in nine years: Three things to know in Bitcoin this week,"Bitcoin fell below $83,000 to start the week amid US-Iran war developments but remains up more than 40% for Q3 ahead of key inflation and jobs data.",https://cointelegraph.com/markets/btc-price-eyes-best-q3-in-nine-years-three-things-to-know-in-bitcoin-this-week?utm_source=rss_feed&utm_medium=rss&utm_campaign=rss_partner_inbound,Cointelegraph,Markets
https://cointelegraph.com/news/strategy-1665-bitcoin-buy-holdings-847666-btc,2026-09-28T12:38:01+00:00,"Strategy buys 1,665 Bitcoin for $143M as BTC stack hits 847,666","Strategy sold 1.47 million MSTR shares for $246.2 million, using the proceeds for Bitcoin purchases and STRC preferred stock repurchases.",https://cointelegraph.com/news/strategy-1665-bitcoin-buy-holdings-847666-btc?utm_source=rss_feed&utm_medium=rss&utm_campaign=rss_partner_inbound,Cointelegraph,Latest News
https://bitcoinmagazine.com/?p=55260,2026-09-28T14:32:00+00:00,Trezor Safe 7 Review: The FOSS Self Custody Hardware Wallet,"Bitcoin Magazine Trezor Safe 7 Review: The FOSS Self Custody Hardware Wallet Some hardware wallets aim to create air-gapped devices that can be assembled by hand by end users, or tailored to industry professionals in a free and open-source ethos. Others close the source and aspire to become the Apple or Macintosh of hardware wallets, leading through their design of user guardrails. Trezor seems to have found a middle ground with the Safe 7. The device feels like what you might expect from a modern iPhone, metal exterior, a wide screen that reaches the border of the device, and tactile feedback clearly designed to deliver satisfaction to the user. The Safe 7 manages to give you the impression, the experience, that Bitcoin is a real thing, a physical thing, in a way most other wallets do not. Trezor also navigates the divide between Bitcoin and crypto users quite well. It pulls it off by delivering two different firmware stacks and designs; the standard multi-coin version, which comes in black and green, and the Bitcoin-only orange. Users can switch back and forth at will, regardless of which one they order, but Bitcoiners who already know what they want can get the orange version and won’t have to do any off-path firmware upgrades. Both types of users can switch to the other firmware type if they are so inclined, regardless of device color. The choice does, however, have some consequences; many updates to firmware revolve around coins other than Bitcoin. As a result, Bitcoin-only firmware is leaner; Trezor’s support articles put it plainly: “Added advantages of running Bitcoin-only firmware include fewer regular updates (compared to the Universal firmware) and reduced risk of bugs or security issues.” The Magic Words The first thing you’ll notice if you have some experience with Bitcoin but have never used Trezor is the size of their word list. The Safe 7 offers 20 words for the wallet’s backup, rather than 12 or 24 as most others. This is a security design choice that Trezor has been building on for many years. The 20-word standard called SLIP-39 was first introduced by Trezor in 2019 with their announcement of the Shamir backup feature . Shamir lets users split up the wallet’s backup seed words into shards, a threshold of which can be used to recreate the Bitcoin wallet, but any one of which alone is insufficient. Take, for example, a two-of-three Shamir setup; users write down three lists of 20 words, and store them in separate physical locations: the bank, the home, the office. Any one of those found by a thief or destroyed by a fire or flood is not a catastrophic loss. The single shard can not give anyone access to the wallet, and the other two shards let the owner regain control and move the coins to a new wallet setup. This quality is often called ‘redundancy’, and it is also achieved by multi-signature wallets , though with different trade-offs, such as onchain transaction costs. Shamir backups come from an old, well-known cryptographic scheme called Shamir Secret Sharing , which Trezor built its own implementation of. The extra words, compared to the more popular 12-word standard, do not give users more entropy; Trezor is clear that users can expect the same 128 bits of entropy as with 12-word seeds. However, the word list used in SLIP-39 is, according to Trezor, carefully curated to avoid confusing or similar words. SLIP-39 also unlocks something that BIP-39 does not; extendability into Shamir. Users who initially create a single seed 20-word backup with a Trezor device can later on create a redundant set of Shamir shares, like a three-of-five. These shares recreate the same wallet, which means users do not need to do onchain transactions to transfer funds. They should, however, consider destroying their original 20-word single seed, since it alone will also be able to restore the wallets involved. There is a full FAQ from Trezor that interested users can read up on. SLIP-39 is supported by other wallets like Sparrow and Electrum, though it has far less adoption than its predecessor. Review example of a single seed SLIP-39 Trezor Safe 7 wallet recovered into Electrum wallet. Top of the Line User Experience The Safe 7 demonstrates a deep investment in design and user experience with a series of subtle but memorable features. The most iconic of all, in my experience testing the device, was how it responds to an important approval decision, such as signing a transaction or changing the security PIN code. The user is asked to press and hold a digital button at the bottom of the screen. The device starts to slowly vibrate with an internal gyro, as two green lights start to flow from the button around the edges of the screen. As the lights reach the top of the screen to meet, the gyro accelerates, producing an escalating mechanical sound and sensation in your hand. The experience culminates in the full illumination of the screen frame, with a small green LED lighting up at the top, confirming the completion of the action. The whole sequence happens in a second or two, but it makes this otherwise rather digital and abstract experience of moving bitcoin feel quite real. Compared to other Trezors I have tested, like the Model T and the classic Trezor One, the thought gone into making it comfortable to use cryptographic money is evident. The buttons on the screen, for example, are much bigger than the Model T, resolving common mistyping occurrences that can potentially have significant consequences, such as when inputting the security PIN. If a user inputs such a PIN incorrectly in most hardware wallets, it can escalate negative consequences up to wiping the device memory. The bigger finger-sized digital buttons relieve that unnecessary stress. The metal casing without a doubt gives the Safe 7 a sense of maturity, leaving behind the plastic shell of older models. One curious feature within the interface is that of a “Wipe PIN”, a special PIN code that, when entered on device login, deletes the user data. This feature is not well explained in Trezor’s public documentation ; its function is written about, but not its purpose: What risk or threat is it trying to address? What use case? The more paranoid bitcoiners have asked for features of this sort as a solution to low-likelihood but high-impact scenarios like the infamous “wrench attack”, where a thief forces the user to open their wallet to steal the funds. The problem with Trezor’s Wipe PIN is that it makes it quite obvious that you just deleted the wallet’s contents, something a wrench attacker is not likely to be happy about in that scenario. At least one other hardware wallet has implemented a more sophisticated version of this feature, which would delete the main user’s wallet, but open up a second ‘decoy’ wallet, and not give up the trick via the UI. For those of us paranoid enough to think about this, a more advanced wipe PIN would be welcome. The Safe 7 also has Bluetooth connectivity as well as an internal battery that can be charged via Qi2 wireless chargers. The device can be used via USB-C connection with Bluetooth disabled via settings. This alternative operation mode frees the user from cables, another subtle but powerful design choice that relieves added stress during the signing of a transaction. Bitcoin’s immutable, irreversible spending nature makes every signing decision high stakes enough as it is. For more paranoid users, a hardware off switch for the Bluetooth antenna would be nice. The Airgap Principle No Trezor model before the Safe 7 came with an internal battery or Bluetooth. Adding such technology to the device is a big decision with significant gains in what a broader consumer base might expect from modern hardware, but also introduces some potential risks. Internal batteries have been known to fail over time in many such devices, from hardware wallets to mobile phones, swelling and breaking out of their case. This can be a hazard and can destroy device memory or accessibility. Trezor addresses this concern, explaining that they chose the LiFePO₄ battery type, whose “chemistry is more stable and safer than common lithium-ion batteries.” In their documentation, they claim that “swelling is extremely unlikely.” Meanwhile, integrating Bluetooth means adding a broadly closed-source software and hardware stack that unlocks interaction at range with the device, undermining the air-gapped principles of bitcoin cold storage. To solve this issue, hardware manufacturers like Trezor try to isolate the Bluetooth antenna and use it only to send messages that are encrypted end to end. To achieve this, Trezor built the Trezor Host Protocol , a technology that encrypts data in transit to the user’s computer, and which is also used via the USB-C cable connection. Trezor does not trust the USB cables nor the Bluetooth stack with unencrypted data. Nevertheless, this wireless connection arguably moves the Safe 7 out of the air-gapped or cold storage category of Bitcoin wallets, closer to a high-security warm wallet, where a hot wallet would be a general computer or server connected to the internet, holding private key material. Hardware Overview and Entropy If the Coldcard hack taught us anything, however, it is that cold storage is meaningless without good entropy. Entropy is supposed to be the random and unpredictable input that is used to create a secret in cryptography, such as rolling dice 100 times and writing down the results. The dice outputs are the entropy that’s run through cryptographic algorithms to generate private and public key pairs, aka the seed words. Trezor has a full and in-depth article about how they generate and use entropy to create wallet key pairs. With the Safe 7, they use four sources of entropy: The host computer or phone entropy. A hardware TRNG in the STM32 microcontroller – one of Trezor’s computer chips. The Optiga secure element, the second computer chip in the Trezor hardware. The TROPIC01 , their latest “independently auditable” secure element chip. The four independent sources are supposed to combine when generating your wallet. The firmware that handles this logic is GPL 3 open source. Trezor does not currently enable user-generated entropy input into the creation of a wallet. There are no dice rolls, though the user can add a ‘passphrase’ or ‘25th word’ to accounts to keypairs already created, which serves a similar function. Trezor CTO Tomas Susanka explained in a conversation with Efrat Fenigson that user-generated entropy only matters if the code actually uses it. He pointed out that the Coldcard bug was not a failure of hardware-generated entropy, but rather that the firmware failed to use that high-quality entropy in its software implementation, due to the bug. Danny Sanders, CCO of Trezor, echoed this sentiment, though he told Bitcoin Magazine that the topic of user-added entropy had been “discussed a lot,” adding that “it’s not a hard no.” Rather, the broader user base of Trezor, which, according to Sanders, is “multiples” that of Coldcard, “cannot be asked to throw dice.” He added that “they already have a mental overload with just writing down words” refering to the 20-word seed backup. While the security benefits of user-added entropy are marginal, when other sources of machine entropy are actually used properly. Shipping, Phishing and Wipe Codes In terms of getting a Trezor hardware wallet, or any hardware wallet for that matter, buying it online and shipping it home is increasingly unpalatable. Trezor recently joined Ledger among large crypto hardware providers whose user databases have been hacked, specifically their shipping partner ShipMonk. 67,000 U.S. customer records were compromised from ShipMonk databases earlier this month; most of these records were supposed to have been deleted by the shipping company, according to Trezor. The result is an increased risk of targeted harassment of those users, who in countries like France are already high on the list for organized crime. From an operational security perspective, it is now basically a requirement to have a P.O. Box for crypto-related purchases. No large corporation or government can be trusted to keep user personal data secure; the history of the internet demonstrates that conclusively. Users can also attend large conferences and buy their hardware wallet of choice with cash or bitcoin and avoid the shipping risk altogether. However, on the topic, Trezor teased out an “Anonymous delivery” service they are building out in response to this breach. Sanders told Bitcoin Magazine the service will be available in the E.U. in a matter of weeks and will expand to the U.S. soon after. The company currently still uses ShipMonk according to public data. Concluding Thoughts Having used Trezor for many years, albeit older models like the Model T and the Trezor One, the Safe 7 strikes me as a serious evolution of the product and a strong addition to a self-custody setup. In particular, as part of a multi-vendor multisig , or as a daily-use warm wallet. Its Shamir backup feature also deserves a place among more advanced self-custody solutions. This post Trezor Safe 7 Review: The FOSS Self Custody Hardware Wallet first appeared on Bitcoin Magazine and is written by Juan Galt .",https://bitcoinmagazine.com/technical/trezor-safe-7-review-the-foss-self-custody-hardware-wallet,BitcoinMagazine,"TECHNICAL, FEATURED, REVIEWS, Hardware wallet, safe 7, Self Custody, self-custody, Trezor"
https://bitcoinmagazine.com/?p=55459,2026-10-01T20:15:36+00:00,Jack Dorsey’s Block Launches Campaign To Get People Spending Bitcoin,"Bitcoin Magazine Jack Dorsey’s Block Launches Campaign To Get People Spending Bitcoin Jack Dorsey’s Block continues the push to make bitcoin “everyday money.” The NYSE-listed company announced Thursday it had debuted an advertising campaign to make the push for people to use the leading cryptocurrency as a medium of exchange. It comes as the U.S. is in the midst of an affordability crisis, with high prices a hot topic — perhaps the most pressing — amongst voters ahead of the midterm elections. Dorsey and Block have constantly pushed for bitcoin to be used to pay for goods. Some things don't make sense. Bitcoin does. https://t.co/iJsCzyg7e3 pic.twitter.com/x8hHOL7vW4 — Bitcoin at Block (@BitcoinatBlock) October 1, 2026 “At Block, we’re focused on building financial products that make everyday life easier,” said Bitcoin Lead at Block Miles Suter said in a statement. He added: “This campaign is our first major illustration of what a Bitcoin-centric financial system could look like, and we’re excited to show how it can make a meaningful difference in people’s lives.” An advert accompanied the announcement on X. It featured everyday Americans complaining about the cost of living and other things, such as Wall Street bankers getting bailed out by the government. The ad contained the slogan, “Some things don’t make sense. Bitcoin does.” Block said in its announcement that the campaign starts rolling out on Thursday across YouTube, X, Meta, Instagram, and on television through Fox Sports until December 31. The ads will also run in theaters at select screenings of movies Avengers: Doomsday and Dune 3. The billionaire founder of Twitter left the social media company to focus his efforts on payments and Bitcoin adoption in 2021, saying he wants the cryptocurrency to be the global currency. He has also described Satoshi Nakamoto’s Bitcoin white paper as “poetry.” Cash App allows users to send and receive and buy and sell Bitcoin and point-of-sale terminals. Square accepts the orange coin via the Lightning Network . Block also last year debuted a Bitcoin mining rig with swappable parts, with the idea that miners could cut costs on repairing and replacing the devices. This post Jack Dorsey’s Block Launches Campaign To Get People Spending Bitcoin first appeared on Bitcoin Magazine and is written by Mathew Di Salvo .",https://bitcoinmagazine.com/news/block-launches-bitcoin-campaign,BitcoinMagazine,"NEWS, Bitcoin, Block, Jack Dorsey"
https://bitcoinmagazine.com/?p=55465,2026-10-01T21:05:32+00:00,"Sazmining Launches the Wild Sats Club, a Loyalty Program That Discounts Mining Management Fees as Customer Hashrate Grows","Bitcoin Magazine Sazmining Launches the Wild Sats Club, a Loyalty Program That Discounts Mining Management Fees as Customer Hashrate Grows Most mining customers pay the same management fee whether they run a quarter of a petahash or twenty-five. The Wild Sats Club ties that fee to the hashrate a customer already runs with Sazmining, and applies the lower rate across their entire fleet, not just to newly purchased machines. The Phase 1 discount starts at 1.0 PH with a 1% management fee discount, rising to 3% from 2.5 PH and 6% from 5.0 PH, with the tier recalculated every month. A customer activates once with a qualifying purchase from Sazmining that meets the hashrate to activate: 0.25 PH for Bronze, 0.50 PH for Silver, or 1.0 PH for Gold, in a single order or in orders within a 30 day period. New, pre-owned, and refurbished rigs purchased from Sazmining can qualify. Full terms are at https://www.sazmining.com/wildsatsclub/terms Customers who make a qualifying purchase during the founding-member window, September 1 to December 31, 2026, activate at their full earned tier, with the lower fee starting on their first monthly recalculation after their new hardware is energized. Every benefit at launch is a management fee discount, never cash or transferable value. “Mining customers have been asked to accept the same fee whether they run a quarter of a petahash or twenty-five,” said Kent Halliburton, CEO and Co-Founder of Sazmining. “This program fixes that. As a customer’s hashrate grows, their cost of having us run it comes down, and it comes down on everything they already own. We are building long-term relationships with our clients, not one-off transactions, which means advising them on what fleet growth can realistically look like against the goals they are actually trying to reach. We expect this program to appeal in particular to the family offices that want Bitcoin exposure with the depreciation benefits of owning the equipment, real estate investors looking to diversify, and the customers who are simply growing one rig at a time. We are looking forward to adapting and evolving the program so that Sazmining customers keep getting the very best product we can build.” The program is built to keep opening up as customers grow with Sazmining. Further member benefits will be announced as each becomes available. To learn more about the Wild Sats Club, visit the program page , or book a consultation with one of Sazmining’s Bitcoin Strategy Advisors here . Disclaimer : This is a sponsored press release. Readers are encouraged to perform their own due diligence before acting on any information presented in this article. This post Sazmining Launches the Wild Sats Club, a Loyalty Program That Discounts Mining Management Fees as Customer Hashrate Grows first appeared on Bitcoin Magazine and is written by Bitcoin Magazine .",https://bitcoinmagazine.com/press-releases/sazmining-launches-the-wild-sats-club-a-loyalty-program-that-discounts-mining-management-fees-as-customer-hashrate-grows,BitcoinMagazine,"PRESS RELEASES, Bitcoin, Mining, Press Release, Sazmining"
https://bitcoinmagazine.com/?p=55463,2026-10-01T21:09:53+00:00,SEC Proposes New Rules On Crypto Custody,"Bitcoin Magazine SEC Proposes New Rules On Crypto Custody The U.S. Securities and Exchange Commission has proposed new rules to update how investment advisers and regulated funds hold assets, with a big focus on crypto. In a statement Thursday, the Wall Street watchdog said it would allow advisers and funds acting through their advisers, to hold client crypto themselves, but only if no permitted custodian is available. Regulators are pushing ahead with rulemaking for the digital asset space despite lawmakers blocking the Clarity Act last month. JUST IN: SEC Chairman Paul Atkins releases a statement to address the custody of crypto assets. ""Since the advent of Bitcoin in 2008, the crypto asset market has grown from a niche curiosity into a multi-trillion-dollar asset class"" pic.twitter.com/SbLR2HAeW1 — Bitcoin Magazine (@BitcoinMagazine) October 1, 2026 The long-awaited legislation — a framework for distinguishing between digital assets that are securities, commodities or payment stablecoins — didn’t get the votes needed to advance. “Since the advent of Bitcoin in 2008, the crypto asset market has grown from a niche curiosity into a multi-trillion-dollar asset class to which investors actively seek exposure. Unfortunately, our rules and regulations have not kept pace,” SEC Chairman Paul S. Atkins said in a statement. “To that end, today’s proposal would provide a clear regulatory framework for the custody of crypto assets, giving investment advisers and funds a compliant pathway where none existed before — and replacing the grey of uncertainty created by custody rules crafted for a bygone era.” The regulator said in its proposed rules that records kept on a blockchain could count toward compliance, subject to conditions. It added that it would allow use of state trust companies as custodians for client and regulated fund crypto assets, subject to conditions. Lawmakers blocked the Clarity Act in a procedural vote last month. Regulators had said before the vote that regardless of whether the landmark legislation passed, they’d still start regulating the crypto industry. The SEC before the vote sent a proposal to the White House aiming to “clarify the framework for the custody of crypto assets” for investment advisers and companies. Pro-crypto Atkins said he would still work to make the U.S. the “crypto capital of the world” regardless of the landmark legislation getting through. This post SEC Proposes New Rules On Crypto Custody first appeared on Bitcoin Magazine and is written by Mathew Di Salvo .",https://bitcoinmagazine.com/news/sec-proposes-crypto-custody-rules,BitcoinMagazine,"NEWS, CLARITY Act, crypto, paul atkins, SEC"
https://bitcoinmagazine.com/?p=55470,2026-10-01T21:18:21+00:00,Darius Dale: Will Global Liquidity Send Bitcoin Higher in 2027?,"Bitcoin Magazine Darius Dale: Will Global Liquidity Send Bitcoin Higher in 2027? Are we headed for a period of chop before a bigger move in Bitcoin? Darius Dale, founder of 42 Macro, says a decline in funding liquidity could mean near-term volatility, but that if liquidity comes back in 2027, which he sees as more likely than not, Bitcoin could resolve higher over the following 12 to 18 months. He also explains why Bitcoin deserves a portfolio allocation as a different exposure from stocks and gold. Chapters: 0:00 Darius Dale on Who Benefits From Rising Treasury Yields 1:06 Why Higher Rates Haven’t Hit the Economy Yet: The AI Capex Boom 2:02 Default via Debasement and a Fed–Treasury Accord 2.0 4:30 Five Paths Out of the Debt Problem, and Only Three Are Acceptable 6:32 Risk Management, Asset Allocation, and Why No Bonds 8:22 Bitcoin Outlook: Near-Term Chop and the 2027 Liquidity Case 9:34 Bitcoin’s Role vs. Gold and Stocks, and Where Bond Yields Reach Fair Value 10:53 The “Wealth Pump” and Money in Politics 17:09 Why AI Is Too Big to Fail and What a Bust Would Look Like 19:11 Running for Office, Why He’s Not a Socialist, and Jackie Robinson DISCLAIMER: The views and opinions expressed in this show are those of the participants and do not necessarily reflect the official policy or position of BTC Inc., Bitcoin Magazine, or any affiliated entities. This content is provided for informational and educational purposes only and should not be construed as investment, legal, tax, or accounting advice. Nothing contained in this show constitutes a solicitation, recommendation, endorsement, or offer to buy or sell any securities or financial instruments. Viewers should consult their own advisors before making financial or business decisions. This post Darius Dale: Will Global Liquidity Send Bitcoin Higher in 2027? first appeared on Bitcoin Magazine and is written by Patrick Green .",https://bitcoinmagazine.com/videos/darius-dale-will-global-liquidity-send-bitcoin-higher-in-2027,BitcoinMagazine,"VIDEOS, 42 Macro, Bitcoin, BMTV, BTC, Darius Dale, liquidity, Video"
https://bitcoinmagazine.com/?p=55474,2026-10-01T21:24:55+00:00,Nico Lechuga: Bitcoin Will Revolutionize the $4T Private Equity Industry,"Bitcoin Magazine Nico Lechuga: Bitcoin Will Revolutionize the $4T Private Equity Industry Traditional private equity is always on a clock, says Nico Lechuga. Funds run seven to ten years, so businesses get flipped in three to five. Lechuga, a founding partner at Ego Death Capital and co-founder of ORANGE JUICE, explains how permanent capital and a Bitcoin treasury could give owner-operators another option. Chapters: 0:00 Meet Nico Lechuga of ego death capital and ORANGE JUICE 0:31 Why Private Equity’s Fund Model Keeps Owners on a Clock 1:16 What Makes a Good Acquisition Target for a Permanent Holding Company 3:11 Bitcoin or Another Business: How Free Cash Flow Gets Allocated 4:33 Why Debt Is a Drag and How Permanent Capital Differs 7:23 Owner-Operators as Frontline Intelligence, and the Role of Roll-Ups 9:12 How to Tell a Real Bitcoin Business From a Pitch 11:30 Competing With MBA Search Funds for Small Businesses 12:29 Brand as an Edge: The People Behind ORANGE JUICE 13:34 Acquisition Currency and Crossing the Chasm DISCLAIMER: The views and opinions expressed in this show are those of the participants and do not necessarily reflect the official policy or position of BTC Inc., Bitcoin Magazine, or any affiliated entities. This content is provided for informational and educational purposes only and should not be construed as investment, legal, tax, or accounting advice. Nothing contained in this show constitutes a solicitation, recommendation, endorsement, or offer to buy or sell any securities or financial instruments. Viewers should consult their own advisors before making financial or business decisions. This post Nico Lechuga: Bitcoin Will Revolutionize the $4T Private Equity Industry first appeared on Bitcoin Magazine and is written by Patrick Green .",https://bitcoinmagazine.com/videos/nico-lechuga-bitcoin-will-revolutionize-the-4t-private-equity-industry,BitcoinMagazine,"VIDEOS, Bitcoin, BMTV, BTC, Ego Death Capital, Nico Lechuga, Video"
https://bitcoinmagazine.com/?p=55478,2026-10-01T21:34:00+00:00,Frank Holmes: They Will Print $100 Trillion – Why to Buy Bitcoin & Gold,"Bitcoin Magazine Frank Holmes: They Will Print $100 Trillion – Why to Buy Bitcoin & Gold Bitcoin miners already have the power, the land, and the substations that AI needs. Frank Holmes, executive chairman of HIVE Digital Technologies, explains why he calls Bitcoin mining a “tier one” data center, how GPUs that once mined Ethereum led HIVE into AI, and why he thinks the next wave of AI factories will be built on mining infrastructure from Paraguay to Canada. Chapters: 0:00 Frank Holmes on HIVE: From Gold Investor to Bitcoin Miner to AI Compute 2:12 How ETFs Changed Bitcoin: From the Fear Trade to the Love Trade 4:20 The Binance $19 Billion Liquidation and the $350 Trillion Money Supply 5:45 Gamers, Younger Quants, and Why Bitcoin Will Keep Gaining Adoption 7:29 Covid’s $40 Trillion of Money Printing and the Global MMT Risk 9:24 China, Russia, and Why Bitcoin Is a Tier One Data Center 11:33 China’s Bitcoin Mining, $1.4 Trillion of Lending, and Central Banks Buying Gold 13:44 Paraguay’s Central Bank and Bitcoin Mining as an Export 14:57 Compute as a Commodity: Canada’s AI Push and Bitcoin Miners’ Power Advantage 20:34 Where to Find Frank Holmes’s Weekly Investor Alert Newsletter DISCLAIMER: The views and opinions expressed in this show are those of the participants and do not necessarily reflect the official policy or position of BTC Inc., Bitcoin Magazine, or any affiliated entities. This content is provided for informational and educational purposes only and should not be construed as investment, legal, tax, or accounting advice. Nothing contained in this show constitutes a solicitation, recommendation, endorsement, or offer to buy or sell any securities or financial instruments. Viewers should consult their own advisors before making financial or business decisions. This post Frank Holmes: They Will Print $100 Trillion – Why to Buy Bitcoin & Gold first appeared on Bitcoin Magazine and is written by Patrick Green .",https://bitcoinmagazine.com/videos/frank-holmes-they-will-print-100-trillion-why-to-buy-bitcoin-gold,BitcoinMagazine,"VIDEOS, AI, Bitcoin, BMTV, BTC, Frank Holmes, Hive, Mining, Video"
https://bitcoinmagazine.com/?p=55486,2026-10-02T13:20:41+00:00,Impacts of Daily Dividends on Digital Credit,"Bitcoin Magazine Impacts of Daily Dividends on Digital Credit In May 2026, Strive rebranded itself as “ The Daily Dividend Company ,” then moved SATA to daily cash dividends beginning June 16. Strategy has now pushed the same idea into its own digital credit engine. On September 24, its board proposed moving STRC, STRF, STRK and STRD to daily dividends , subject to shareholder approval at an October 28 special meeting. The proposal keeps the annual dividend economics unchanged and changes the cadence of cash payments. STRC spent much of the summer below its $100 stated amount even as Strategy raised its dividend rate to 12% and deployed more than $1 billion buying back STRC. The move to daily dividends by Strategy could be seen as the latest attempt to make the security more attractive and help it trade near par. Now that the overton window has fully shifted in favor of digital credit paying daily dividends, we should take a look at the actual impacts of daily dividends. Daily Dividends Fit Onchain Finance Digital credit is increasingly becoming an input for other financial products—so called “digital money” or “digital yield” products. Strategy estimated in mid-May that more than $440 million of STRC exposure had moved into DeFi through stablecoins, tokenized securities, yield products and other structures. However, there is a cash flow mismatch. Crypto products commonly accrue and distribute yield at high frequency. A security that pays monthly or twice monthly forces the product sitting on top of it to bridge the period between economic accrual and actual cash receipt. Daily dividends compress that gap to one day. The protocol, fund or issuer receives cash from the underlying asset at almost the same cadence that users expect to receive yield. That simplifies liquidity management and reduces the cash needed between dividend dates. This is much more impactful to a financial product funding daily distributions or redemptions than to a long term investor focused on total return. The crypto-heavy setting of the “Layer 3” products on top of digital credit raises the attractiveness of daily dividends. Daily Dividends Are Primarily a Retail Feature For investors focused strictly on total return, dividend payment frequency makes little difference in underlying economic value. The asset’s price accrues between distribution dates and adjusts post-payment, meaning annual, quarterly, monthly, and daily payouts produce comparable long-term results. The true advantage of daily dividends lies in product psychology and user experience. Cash arriving every day provides immediate visibility and an engaging feedback loop. Investors can spend, withdraw, or automatically reinvest the payout while leaving their principal position intact, turning an abstract yield metric into tangible recurring cash flow. This dynamic mirrors the strategy of Realty Income, which built a massive retail follower base by branding itself as “The Monthly Dividend Company.” As a member of the S&P 500 Dividend Aristocrats Index, Realty Income has paid and raised dividends for 31 consecutive years. Daily dividends on digital credit extends this product concept even further: SATA pairs frequent daily payouts with a target price near $100 and a double-digit yield. While institutional investors prioritize yield spreads, liquidity, tax structure, and balance sheet coverage, daily payments offer their strongest appeal to retail buyers. If the overarching objective is to raise capital to purchase Bitcoin, optimizing security design for retail investor preferences is the most effective approach. Options Get Cleaner Too Daily dividends also change options mechanics. STRC currently pays $0.50 twice monthly. SATA pays roughly five cents each business day. Larger dividend events create larger discrete adjustments in the underlying price, which affects option pricing and early exercise decisions. Daily payments spread the same annual cash flow across much smaller adjustments. The total value of dividends over an option’s life is a key economic input. The more interesting effect comes from the price stability created by daily dividends. If daily dividends, variable rates and active par management keep SATA and STRC trading in narrower ranges, realized volatility should fall. Implied volatility can follow as the market gains confidence in that behavior. The Biggest Test The real test is whether daily dividends increase demand enough to eventually lower the required yield. If investors consistently support SATA near the top of its target range, Strive can theoretically reduce the dividend rate while attempting to keep SATA near par. Success would show that a Bitcoin company can issue permanent preferred capital, manage it around a stable price, and adjust its yield with market demand. The benefit of the variable rate preferreds was, from inception, the eventual opportunity to lower the rate and reduce the cost of capital without upsetting price stability. In comparison, fixed rate credit locks in fixed rate forever. Conclusion Strategy adopting daily dividends would move the feature from a SATA differentiator toward a digital credit category standard. The annual economics barely change but the retail appeal and crypto composability become meaningful improvements. This post Impacts of Daily Dividends on Digital Credit first appeared on Bitcoin Magazine and is written by Allard Peng .",https://bitcoinmagazine.com/bitcoin-for-corporations/impacts-of-daily-dividends-on-digital-credit,BitcoinMagazine,BITCOIN FOR CORPORATIONS
https://bitcoinmagazine.com/?p=55489,2026-10-02T15:09:38+00:00,"Bitcoin Price Surges Above $87,000 on Softer-Than-Expected Jobs Data","Bitcoin Magazine Bitcoin Price Surges Above $87,000 on Softer-Than-Expected Jobs Data The price of bitcoin surged above $87,000 on Friday morning in New York, buoyed by constant exchange-traded fund flows and a jobs report showing that unemployment in the U.S. had ticked up. Bitcoin’s price recently stood at $85,990 after a 2% jump over a 24-hour period. Over the past week, it has also risen by more than 2%. Nonfarm payrolls increased 29,000 last month after a downward revision to the prior two months, Bureau of Labor Statistics data showed Friday. JUST IN: Bitcoin jumps to $87,000 as U.S. Unemployment Rate comes in at 4.2%, higher than expectations pic.twitter.com/jqtU8Q9zsd — Bitcoin Magazine (@BitcoinMagazine) October 2, 2026 Weaker-than-expected jobs data can give a lift to riskier assets like bitcoin and stocks, whose prices tend to swing more sharply. A softer labor market typically means less consumer spending, which eases pressure on prices. That could make the Federal Reserve less inclined to keep raising interest rates to fight inflation. Many economists and politicians have said the U.S. is in the midst of an affordability crisis , and the topic is a hot one ahead of the November midterm elections. The Federal Reserve’s new chair, Kevin Warsh, has said that prices in the world’s biggest economy are too high and that the central bank is fully focused on making life more affordable again. Bitcoin investors shrugged off the central bank’s interest rate hike in September, climbing on the news. The largest cryptocurrency started rallying in August on news that the U.S. Treasury Department said it would more than double the size of its government debt repurchases. The coin had its best run in three years and third best August ever. The coin’s price has benefited from the so-called debasement trade: when investors buy certain assets to hedge against currency being devalued. The dollar slid in value in August. It continued to have a good September, rising nearly 6% over a 30-day period. October has historically delivered good returns for bitcoin investors, with traders dubbing the phenomenon “Uptober.” This post Bitcoin Price Surges Above $87,000 on Softer-Than-Expected Jobs Data first appeared on Bitcoin Magazine and is written by Mathew Di Salvo .",https://bitcoinmagazine.com/markets/bitcoin-price-surges-on-soft-jobs-data,BitcoinMagazine,"MARKETS, Bitcoin, bitcoin price, Federal reserve"
https://cointelegraph.com/markets/bitcoin-briefly-taps-87k-as-bond-yields-drop-on-low-us-nonfarm-payrolls-data,2026-10-02T15:27:31+00:00,Bitcoin briefly hits $87K as weak US jobs data sends bond yields lower,"Bitcoin climbed after weaker-than-expected payrolls pushed Treasury yields lower, but order-book resistance kept BTC from reaching new macro highs.",https://cointelegraph.com/markets/bitcoin-briefly-taps-87k-as-bond-yields-drop-on-low-us-nonfarm-payrolls-data?utm_source=rss_feed&utm_medium=rss&utm_campaign=rss_partner_inbound,Cointelegraph,Markets
https://bitcoinmagazine.com/?p=55493,2026-10-02T18:12:28+00:00,South Africa’s Absa Becomes First Bank on the Continent to Custody Bitcoin: Report,"Bitcoin Magazine South Africa’s Absa Becomes First Bank on the Continent to Custody Bitcoin: Report South African bank Absa has become the first African lender to custody bitcoin, according to reports. As reported first by Bloomberg on Friday, the Johannesburg-based lender will serve institutional clients, mostly by custodying bitcoin — but other digital assets will also be a part of the service. Banks worldwide are integrating or offering bitcoin-related products and services. A number of U.S. and European banks have started offering crypto-related services by custodying assets for institutions. JUST IN: Absa has become the first African bank to offer Bitcoin custody pic.twitter.com/JaDza3S7Ez — Bitcoin Magazine (@BitcoinMagazine) October 2, 2026 Rob Downes, head of digital assets at Absa’s corporate and investment banking unit, was quoted saying that while bitcoin was the biggest asset the bank would custody, others would follow. Absa did not immediately respond to questions from Bitcoin Magazine. The African continent has a large crypto-native base, with data firms frequently highlighting the high adoption — particularly in countries where currencies have been significantly debased. In Chainalysis’s 2025 report , South Africa’s $36.0 billion in on-chain value made it second in Sub-Saharan Africa. Nigeria alone received $92.1 billion, nearly three times the total of second-place South Africa. On the global index, South Africa ranked 30th for crypto adoption. The character of its market is different from Nigeria ‘s: it’s more institutional, with regulatory clarity resulting in hundreds of licenses being issued to VASPs and attracting professional investors and traditional finance. BNY Mellon in 2022 became the first major U.S. bank to offer digital asset custody services. And this month, German multinational Deutsche Bank said it would debut a bitcoin custody service for European corporate and institutional clients later in 2026. This post South Africa’s Absa Becomes First Bank on the Continent to Custody Bitcoin: Report first appeared on Bitcoin Magazine and is written by Mathew Di Salvo .",https://bitcoinmagazine.com/news/absa-first-african-bank-to-custody-bitcoin,BitcoinMagazine,"NEWS, Absa, Bitcoin, South africa"
https://bitcoinmagazine.com/?p=55499,2026-10-02T22:01:18+00:00,IMF Praises El Salvador — But Still Tries To Scale Back Its Bitcoin Project,"Bitcoin Magazine IMF Praises El Salvador — But Still Tries To Scale Back Its Bitcoin Project The International Monetary Fund has praised El Salvador for improving its economy — but scolded it at the same time for its ongoing Bitcoin experiment. In a statement Friday, the IMF said that it had approved a $139 million disbursement to the Central American nation while also trying to “reduce the state’s involvement in Bitcoin-related activities.” El Salvador in 2021 made Bitcoin legal tender, much to the ire of the IMF and other major institutions. The Latin American country was at the time negotiating a development loan with the agency. “El Salvador’s economy continues to perform strongly” https://t.co/Rvaerha9QA — Nayib Bukele (@nayibbukele) October 1, 2026 The IMF in September said that El Salvador wasn’t buying bitcoin; the country’s Bitcoin Office has repeatedly said that it does buy the cryptocurrency. “Economic activity has exceeded expectations, supported by sustained improvements in security and investor confidence, as macroeconomic imbalances continue to be addressed,” the IMF said. It continued: “However, certain performance criteria were not met, including on the Bitcoin accumulation front, for which waivers were granted based on strong corrective measures and renewed commitments.” The IMF further said that the Salvadoran state’s involvement in Bitcoin-related activities is being unwound and that “no further bitcoin accumulation is envisaged beyond the documented donations.” Salvadoran president Nayib Bukele in 2022 said the country would buy one bitcoin per day but it was never clear where the money was coming from — or if he was actually buying at all. The IMF said in September that El Salvador was — at least for some time —not using public funds to accumulate bitcoin but rather had received bitcoin from private donations. El Salvador and the IMF entered a $1.4 billion loan agreement at the end of December but the fund asked for the country to scale back certain aspects of its Bitcoin strategy. The Salvadoran state gifted its citizens bitcoin in 2021 and debuted a wallet with the hope of getting more citizens using the cryptocurrency in the dollarized country. President Bukele in 2024 admitted that Salvadorans weren’t using the cryptocurrency to buy things as expected, but always boasted that the government was still stacking sats. This post IMF Praises El Salvador — But Still Tries To Scale Back Its Bitcoin Project first appeared on Bitcoin Magazine and is written by Mathew Di Salvo .",https://bitcoinmagazine.com/news/imf-praises-el-salvador-but-blasts-bitcoin,BitcoinMagazine,"NEWS, Bitcoin, el salvador, IMF, Nayib Bukele"
9e758b83-a1e1-4ad5-8c5b-7599463e0fa9,2026-10-03T16:00:00+00:00,"Crypto job postings triple to over 1,200 in September, but applications fall","Finance, engineering and trading led hiring demand, while Bitcoin, Ethereum and Solana were the most frequently requested blockchain skills.",https://www.coindesk.com/business/2026/10/03/crypto-job-postings-triple-to-over-1-200-in-september-but-applications-fall,CoinDesk,"Finance, Jobs, News"
https://cointelegraph.com/news/el-salvador-receives-138-million-from-imf-after-bitcoin-waivers-granted,2026-10-04T09:40:00+00:00,El Salvador receives $138 million from IMF after Bitcoin waivers granted,"Efforts will continue to reduce the state’s involvement in Bitcoin-related activities and to strengthen crypto‑asset regulation and governance, the IMF said.",https://cointelegraph.com/news/el-salvador-receives-138-million-from-imf-after-bitcoin-waivers-granted?utm_source=rss_feed&utm_medium=rss&utm_campaign=rss_partner_inbound,Cointelegraph,Latest News
https://cointelegraph.com/magazine/former-sec-boss-made-ai-czar-bitcoin-may-hit-600k-this-cycle-hodlers-digest,2026-10-04T22:31:12+00:00,"Former SEC boss made AI Czar, Bitcoin may hit $600K this cycle: Hodler’s Digest","Roman Storm and the XRP army aren’t happy former SEC boss Jay Clayton is Trump’s new AI czar, Peter Brandt flips bullish and says Bitcoin may reach as high as $600K by 2029.",https://cointelegraph.com/magazine/former-sec-boss-made-ai-czar-bitcoin-may-hit-600k-this-cycle-hodlers-digest?utm_source=rss_feed&utm_medium=rss&utm_campaign=rss_partner_inbound,Cointelegraph,Magazine
6d6167ce-c2b8-4df7-ae78-89ec6eb214b1,2026-10-05T03:50:29+00:00,Ether's bitcoin-beating Q3 rally came with a catch. Liquidity thinned.,"Ether beat bitcoin in the third quarter, but its market liquidity got thinner, according to Coingecko.",https://www.coindesk.com/markets/2026/10/05/ether-s-bitcoin-beating-q3-rally-came-with-a-catch-liquidity-thinned,CoinDesk,"Markets, Ethereum News, Bitcoin News, XRP News, News"
bb60cc0d-219a-4d63-a844-f2c0773c6021,2026-10-05T04:23:25+00:00,"Bitcoin zooms toward $87,000, nearly setting an eight-month high, then reverses","Bitcoin came within about $500 of its late-September peak before sellers pushed it back under $86,000. It's the second rally in a week to stall.",https://www.coindesk.com/markets/2026/10/05/bitcoin-zooms-toward-usd87-000-nearly-setting-an-eight-month-high-then-reverses,CoinDesk,"Markets, News"
f7f7fed0-8021-4bb0-a4de-e4132141059a,2026-10-05T06:57:40+00:00,Bitcoin is about to get a major bullish signal it hasn't had in over a year,Key price averages are on the verge of confirming a major bullish configuration for the first time in over a year.,https://www.coindesk.com/markets/2026/10/05/bitcoin-is-about-to-get-a-major-bullish-signal-it-hasn-t-had-in-over-a-year,CoinDesk,"Markets, Bitcoin News, News"
https://cointelegraph.com/markets/bitcoin-etf-third-inflow-week-ether-funds-red,2026-10-05T08:00:49+00:00,Bitcoin ETFs notch third inflow week as Ether ETFs shed $138M,"Bitcoin ETF inflows reached a third straight week, while Ether ETFs swung to outflows and Zcash funds posted their first weekly outflow.",https://cointelegraph.com/markets/bitcoin-etf-third-inflow-week-ether-funds-red?utm_source=rss_feed&utm_medium=rss&utm_campaign=rss_partner_inbound,Cointelegraph,Markets
https://cointelegraph.com/markets/btc-price-fights-to-reclaim-2026-open-three-things-to-know-in-bitcoin-this-week,2026-10-05T09:08:09+00:00,BTC price fights to reclaim 2026 open: Three things to know in Bitcoin this week,Bitcoin bulls renewed pressure on range highs with the 2026 yearly open forming the next key resistance to break through.,https://cointelegraph.com/markets/btc-price-fights-to-reclaim-2026-open-three-things-to-know-in-bitcoin-this-week?utm_source=rss_feed&utm_medium=rss&utm_campaign=rss_partner_inbound,Cointelegraph,Markets
e09a1334-d212-4225-ba09-1dff241ca439,2026-10-05T09:37:13+00:00,"Technicals signal bitcoin shift, Ethereum gears up for Glamsterdam: Crypto Week Ahead",Your look at what's coming in the week starting Oct. 5.,https://www.coindesk.com/markets/2026/10/05/technicals-signal-bitcoin-shift-ethereum-gears-up-for-glamsterdam-crypto-week-ahead,CoinDesk,"Markets, week ahead, News"
fc542f1e-61cb-4a6a-ab96-aaa5efa97349,2026-10-05T10:39:57+00:00,"Live updates: Bitcoin in tight range close to $86,000 as rates continue to rise","A weak September jobs report may have taken a rate hike off the table, but bitcoin is still stuck below $87,000, with FOMC minutes due Wednesday.",https://www.coindesk.com/business/2026/10/05/live-updates-bitcoin-above-usd86-000-as-traders-price-out-an-october-fed-hike,CoinDesk,"Finance, Live News, live_news"
94a86432-d5e4-4a7c-b5da-80db046abf2b,2026-10-05T10:44:55+00:00,Bitcoin resilience tested as U.S. dollar climbs to 18-month high,A stronger dollar and rising bond yields could be headwinds as fiscal concerns in France and political uncertainty in Spain weigh on the euro.,https://www.coindesk.com/markets/2026/10/05/u-s-dollar-climbs-to-18-month-high-as-bitcoin-holds-firm-around-usd86-000,CoinDesk,"Markets, Bitcoin News, News"
e9b6b0d4-317c-4990-ac2d-8b6b9933fb87,2026-10-05T10:58:03+00:00,"Metaplanet added 1,000 bitcoin net in the third quarter bringing holdings to 44,000 BTC","The Japanese firm sold 10,000 BTC before buying 11,000 BTC, demonstrating liquidity as it seeks recurring income from preferred securities.",https://www.coindesk.com/business/2026/10/05/metaplanet-adds-1-000-bitcoin-after-sale-and-repurchase-launches-income-strategy,CoinDesk,"Finance, News"
427dd18d-9cee-4a69-8105-b03de7abc9e8,2026-10-05T11:14:35+00:00,SEC approves a 3x fix for bitcoin and ether traders who miss the wild swings,"Your day-ahead look for Oct. 5, 2026",https://www.coindesk.com/daybook-us/2026/10/05/sec-approves-a-3x-fix-for-bitcoin-and-ether-traders-who-miss-the-wild-swings,CoinDesk,"Crypto Daybook Americas, Crypto Daybook Americas, News"
https://cointelegraph.com/news/what-happened-in-crypto-today,2026-10-05T13:04:57+00:00,Here’s what happened in crypto today,"Need to know what happened in crypto today? Here is the latest news on daily trends and events impacting Bitcoin price, blockchain, DeFi, Web3 and crypto regulation.",https://cointelegraph.com/news/what-happened-in-crypto-today?utm_source=rss_feed&utm_medium=rss&utm_campaign=rss_partner_inbound,Cointelegraph,Latest News
https://cointelegraph.com/news/strategy-848k-bitcoin-strc-buybacks-outpace-btc-buys,2026-10-05T13:22:16+00:00,Strategy opts for bigger spending on STRC buybacks over BTC purchases,Strategy bought 334 Bitcoin for $28.7 million last week while spending $176.3 million to repurchase about 1.77 million shares of STRC.,https://cointelegraph.com/news/strategy-848k-bitcoin-strc-buybacks-outpace-btc-buys?utm_source=rss_feed&utm_medium=rss&utm_campaign=rss_partner_inbound,Cointelegraph,Latest News
https://cointelegraph.com/news/metaplanet-net-income-strategy-bitcoin-accumulation,2026-10-05T13:47:17+00:00,Metaplanet reveals net income strategy to fuel Bitcoin accumulation,Metaplanet revealed a revised capital allocation framework proposing to allocate as much as 15% of total assets to strategic investments to fund its Bitcoin accumulation.,https://cointelegraph.com/news/metaplanet-net-income-strategy-bitcoin-accumulation?utm_source=rss_feed&utm_medium=rss&utm_campaign=rss_partner_inbound,Cointelegraph,Latest News
https://cointelegraph.com/markets/bitcoin-price-fails-to-break-higher-after-best-weekly-close-in-eight-months,2026-10-05T15:09:57+00:00,Bitcoin price fails to break higher after best weekly close in eight months,Bitcoin’s highest weekly close in eight months formed low-timeframe resistance at the start of Monday’s US trading session.,https://cointelegraph.com/markets/bitcoin-price-fails-to-break-higher-after-best-weekly-close-in-eight-months?utm_source=rss_feed&utm_medium=rss&utm_campaign=rss_partner_inbound,Cointelegraph,Markets
